{
  "dataset_revision": "c22ab2a51041ffd869aaddef7af8d8215647e41a",
  "evaluation_time": 8.97986912727356,
  "kg_co2_emissions": null,
  "mteb_version": "1.15.4",
  "scores": {
    "test": [
      {
        "hf_subset": "default",
        "languages": [
          "eng-Latn"
        ],
        "main_score": 0.52076,
        "map_at_1": 0.28592,
        "map_at_10": 0.43591,
        "map_at_100": 0.44607,
        "map_at_1000": 0.44617,
        "map_at_20": 0.44375,
        "map_at_3": 0.38905,
        "map_at_5": 0.41447,
        "mrr_at_1": 0.2937411095305832,
        "mrr_at_10": 0.43879377497798594,
        "mrr_at_100": 0.44894527054332256,
        "mrr_at_1000": 0.44905040448973005,
        "mrr_at_20": 0.44666208418347136,
        "mrr_at_3": 0.3914177335229965,
        "mrr_at_5": 0.41762683736367967,
        "nauc_map_at_1000_diff1": 0.09404782954086537,
        "nauc_map_at_1000_max": -0.0751153582247608,
        "nauc_map_at_1000_std": -0.08951082814392151,
        "nauc_map_at_100_diff1": 0.09412674072840091,
        "nauc_map_at_100_max": -0.0749695071398362,
        "nauc_map_at_100_std": -0.08935262514507451,
        "nauc_map_at_10_diff1": 0.09192867877819091,
        "nauc_map_at_10_max": -0.07506100028204732,
        "nauc_map_at_10_std": -0.09121528975660198,
        "nauc_map_at_1_diff1": 0.1408703588326321,
        "nauc_map_at_1_max": -0.0893929041746139,
        "nauc_map_at_1_std": -0.09206197498550898,
        "nauc_map_at_20_diff1": 0.09367578959907748,
        "nauc_map_at_20_max": -0.07388710759515653,
        "nauc_map_at_20_std": -0.08904172903865348,
        "nauc_map_at_3_diff1": 0.09307393344053225,
        "nauc_map_at_3_max": -0.07846195241563973,
        "nauc_map_at_3_std": -0.09490050692194389,
        "nauc_map_at_5_diff1": 0.08943707374391602,
        "nauc_map_at_5_max": -0.07855769449464443,
        "nauc_map_at_5_std": -0.09827269139166775,
        "nauc_mrr_at_1000_diff1": 0.07036434635797181,
        "nauc_mrr_at_1000_max": -0.0851013469059955,
        "nauc_mrr_at_1000_std": -0.08752504233620868,
        "nauc_mrr_at_100_diff1": 0.07045064580610558,
        "nauc_mrr_at_100_max": -0.08495324062479974,
        "nauc_mrr_at_100_std": -0.08736871791633925,
        "nauc_mrr_at_10_diff1": 0.06868950602751742,
        "nauc_mrr_at_10_max": -0.08501403503684635,
        "nauc_mrr_at_10_std": -0.08933781280865319,
        "nauc_mrr_at_1_diff1": 0.11617742632484716,
        "nauc_mrr_at_1_max": -0.09008171888768762,
        "nauc_mrr_at_1_std": -0.08406484263591023,
        "nauc_mrr_at_20_diff1": 0.07038690561511042,
        "nauc_mrr_at_20_max": -0.0836073010316729,
        "nauc_mrr_at_20_std": -0.08706135428374788,
        "nauc_mrr_at_3_diff1": 0.06933076312015225,
        "nauc_mrr_at_3_max": -0.09032456413825887,
        "nauc_mrr_at_3_std": -0.0936744985339756,
        "nauc_mrr_at_5_diff1": 0.06664228466010887,
        "nauc_mrr_at_5_max": -0.08774254937477409,
        "nauc_mrr_at_5_std": -0.09595840007132762,
        "nauc_ndcg_at_1000_diff1": 0.08824718534653972,
        "nauc_ndcg_at_1000_max": -0.06833111354701342,
        "nauc_ndcg_at_1000_std": -0.08190755441854582,
        "nauc_ndcg_at_100_diff1": 0.0894699003601349,
        "nauc_ndcg_at_100_max": -0.06483728657119868,
        "nauc_ndcg_at_100_std": -0.07687552467993432,
        "nauc_ndcg_at_10_diff1": 0.0782008679496271,
        "nauc_ndcg_at_10_max": -0.06292136497878908,
        "nauc_ndcg_at_10_std": -0.08275122826675277,
        "nauc_ndcg_at_1_diff1": 0.1408703588326321,
        "nauc_ndcg_at_1_max": -0.0893929041746139,
        "nauc_ndcg_at_1_std": -0.09206197498550898,
        "nauc_ndcg_at_20_diff1": 0.08587100928138576,
        "nauc_ndcg_at_20_max": -0.05577524273179093,
        "nauc_ndcg_at_20_std": -0.07250124695603152,
        "nauc_ndcg_at_3_diff1": 0.0804992585727352,
        "nauc_ndcg_at_3_max": -0.07285769266497082,
        "nauc_ndcg_at_3_std": -0.09397817624145585,
        "nauc_ndcg_at_5_diff1": 0.07344923183126141,
        "nauc_ndcg_at_5_max": -0.07199739695792433,
        "nauc_ndcg_at_5_std": -0.09950087313107694,
        "nauc_precision_at_1000_diff1": -0.06280070163265564,
        "nauc_precision_at_1000_max": 0.2478645147366114,
        "nauc_precision_at_1000_std": 0.4981922313942864,
        "nauc_precision_at_100_diff1": 0.14038213118641912,
        "nauc_precision_at_100_max": 0.2941282783420843,
        "nauc_precision_at_100_std": 0.5018625762821183,
        "nauc_precision_at_10_diff1": 0.01585312110987148,
        "nauc_precision_at_10_max": 0.001996998364384977,
        "nauc_precision_at_10_std": -0.03330134045218588,
        "nauc_precision_at_1_diff1": 0.1408703588326321,
        "nauc_precision_at_1_max": -0.0893929041746139,
        "nauc_precision_at_1_std": -0.09206197498550898,
        "nauc_precision_at_20_diff1": 0.046652523693597965,
        "nauc_precision_at_20_max": 0.14502486238856654,
        "nauc_precision_at_20_std": 0.12358279818006786,
        "nauc_precision_at_3_diff1": 0.044834689919310805,
        "nauc_precision_at_3_max": -0.05594149626254575,
        "nauc_precision_at_3_std": -0.0907374852410892,
        "nauc_precision_at_5_diff1": 0.021459827049474668,
        "nauc_precision_at_5_max": -0.0491809781531818,
        "nauc_precision_at_5_std": -0.10325595558952799,
        "nauc_recall_at_1000_diff1": -0.06280070163264166,
        "nauc_recall_at_1000_max": 0.24786451473661364,
        "nauc_recall_at_1000_std": 0.49819223139429036,
        "nauc_recall_at_100_diff1": 0.1403821311863985,
        "nauc_recall_at_100_max": 0.2941282783420688,
        "nauc_recall_at_100_std": 0.5018625762821134,
        "nauc_recall_at_10_diff1": 0.015853121109872158,
        "nauc_recall_at_10_max": 0.0019969983643836195,
        "nauc_recall_at_10_std": -0.03330134045218553,
        "nauc_recall_at_1_diff1": 0.1408703588326321,
        "nauc_recall_at_1_max": -0.0893929041746139,
        "nauc_recall_at_1_std": -0.09206197498550898,
        "nauc_recall_at_20_diff1": 0.046652523693598576,
        "nauc_recall_at_20_max": 0.14502486238856607,
        "nauc_recall_at_20_std": 0.12358279818006873,
        "nauc_recall_at_3_diff1": 0.04483468991931136,
        "nauc_recall_at_3_max": -0.05594149626254553,
        "nauc_recall_at_3_std": -0.09073748524108886,
        "nauc_recall_at_5_diff1": 0.02145982704947531,
        "nauc_recall_at_5_max": -0.04918097815318125,
        "nauc_recall_at_5_std": -0.10325595558952695,
        "ndcg_at_1": 0.28592,
        "ndcg_at_10": 0.52076,
        "ndcg_at_100": 0.56364,
        "ndcg_at_1000": 0.56592,
        "ndcg_at_20": 0.54863,
        "ndcg_at_3": 0.42384,
        "ndcg_at_5": 0.4696,
        "precision_at_1": 0.28592,
        "precision_at_10": 0.07923,
        "precision_at_100": 0.00979,
        "precision_at_1000": 0.001,
        "precision_at_20": 0.04506,
        "precision_at_3": 0.17496,
        "precision_at_5": 0.12717,
        "recall_at_1": 0.28592,
        "recall_at_10": 0.79232,
        "recall_at_100": 0.97866,
        "recall_at_1000": 0.99573,
        "recall_at_20": 0.90114,
        "recall_at_3": 0.52489,
        "recall_at_5": 0.63585
      }
    ]
  },
  "task_name": "ArguAna"
}