{
  "dataset_revision": "ae763399273d8b20506b80cf6f6f9a31a6a2b238",
  "evaluation_time": 5.039547443389893,
  "kg_co2_emissions": null,
  "mteb_version": "1.15.4",
  "scores": {
    "test": [
      {
        "hf_subset": "default",
        "languages": [
          "eng-Latn"
        ],
        "main_score": 0.63661,
        "map_at_1": 0.45068,
        "map_at_10": 0.57998,
        "map_at_100": 0.58452,
        "map_at_1000": 0.58483,
        "map_at_20": 0.58262,
        "map_at_3": 0.55811,
        "map_at_5": 0.57141,
        "mrr_at_1": 0.45068359375,
        "mrr_at_10": 0.5799818250868053,
        "mrr_at_100": 0.5845190103920787,
        "mrr_at_1000": 0.5848265223782407,
        "mrr_at_20": 0.5826412392307112,
        "mrr_at_3": 0.5581054687500003,
        "mrr_at_5": 0.5714111328125008,
        "nauc_map_at_1000_diff1": 0.2847541533137738,
        "nauc_map_at_1000_max": 0.22639298255031806,
        "nauc_map_at_1000_std": 0.04637389873682318,
        "nauc_map_at_100_diff1": 0.2843533281206687,
        "nauc_map_at_100_max": 0.22674384221296912,
        "nauc_map_at_100_std": 0.0466729487903674,
        "nauc_map_at_10_diff1": 0.2840634571826526,
        "nauc_map_at_10_max": 0.2238711191444205,
        "nauc_map_at_10_std": 0.04176654132912801,
        "nauc_map_at_1_diff1": 0.36259901868396155,
        "nauc_map_at_1_max": 0.22943163093458158,
        "nauc_map_at_1_std": 0.06467668561756744,
        "nauc_map_at_20_diff1": 0.28314230847663063,
        "nauc_map_at_20_max": 0.22641450203691962,
        "nauc_map_at_20_std": 0.04482011782649572,
        "nauc_map_at_3_diff1": 0.29670399907214434,
        "nauc_map_at_3_max": 0.21295287398530255,
        "nauc_map_at_3_std": 0.03482056470528665,
        "nauc_map_at_5_diff1": 0.28767088361185217,
        "nauc_map_at_5_max": 0.21597462941599915,
        "nauc_map_at_5_std": 0.03453175986846323,
        "nauc_mrr_at_1000_diff1": 0.28476556749234605,
        "nauc_mrr_at_1000_max": 0.22765345661568803,
        "nauc_mrr_at_1000_std": 0.04762696315493079,
        "nauc_mrr_at_100_diff1": 0.28436473465819306,
        "nauc_mrr_at_100_max": 0.22800302523441254,
        "nauc_mrr_at_100_std": 0.047924720556522714,
        "nauc_mrr_at_10_diff1": 0.2840634571826526,
        "nauc_mrr_at_10_max": 0.22509902567594614,
        "nauc_mrr_at_10_std": 0.0429933097146192,
        "nauc_mrr_at_1_diff1": 0.36259901868396155,
        "nauc_mrr_at_1_max": 0.23085729057143575,
        "nauc_mrr_at_1_std": 0.0664384246492041,
        "nauc_mrr_at_20_diff1": 0.28326181541050777,
        "nauc_mrr_at_20_max": 0.22781689020939108,
        "nauc_mrr_at_20_std": 0.04615800785601989,
        "nauc_mrr_at_3_diff1": 0.29670399907214434,
        "nauc_mrr_at_3_max": 0.21449880523983914,
        "nauc_mrr_at_3_std": 0.03649931892361549,
        "nauc_mrr_at_5_diff1": 0.28767088361185217,
        "nauc_mrr_at_5_max": 0.21748753786878497,
        "nauc_mrr_at_5_std": 0.035991994481325625,
        "nauc_ndcg_at_1000_diff1": 0.2600720973266111,
        "nauc_ndcg_at_1000_max": 0.237622261286962,
        "nauc_ndcg_at_1000_std": 0.0572858449164437,
        "nauc_ndcg_at_100_diff1": 0.24657414236939149,
        "nauc_ndcg_at_100_max": 0.24944049294029494,
        "nauc_ndcg_at_100_std": 0.07056454156399074,
        "nauc_ndcg_at_10_diff1": 0.24149386253387595,
        "nauc_ndcg_at_10_max": 0.23807834172258513,
        "nauc_ndcg_at_10_std": 0.04510032567793395,
        "nauc_ndcg_at_1_diff1": 0.36259901868396155,
        "nauc_ndcg_at_1_max": 0.22943163093458158,
        "nauc_ndcg_at_1_std": 0.06467668561756744,
        "nauc_ndcg_at_20_diff1": 0.23675119521703447,
        "nauc_ndcg_at_20_max": 0.2482946721679946,
        "nauc_ndcg_at_20_std": 0.05731012716939827,
        "nauc_ndcg_at_3_diff1": 0.2713840684296329,
        "nauc_ndcg_at_3_max": 0.21104377311610756,
        "nauc_ndcg_at_3_std": 0.026635892900497754,
        "nauc_ndcg_at_5_diff1": 0.2528095215163512,
        "nauc_ndcg_at_5_max": 0.21726221610146615,
        "nauc_ndcg_at_5_std": 0.026080085359766553,
        "nauc_precision_at_1000_diff1": -0.1016261582489104,
        "nauc_precision_at_1000_max": 0.39779482129176524,
        "nauc_precision_at_1000_std": 0.5797865719349089,
        "nauc_precision_at_100_diff1": -0.12420675919978422,
        "nauc_precision_at_100_max": 0.5528114404902762,
        "nauc_precision_at_100_std": 0.46556185307238385,
        "nauc_precision_at_10_diff1": 0.0203531678991662,
        "nauc_precision_at_10_max": 0.3254895464129351,
        "nauc_precision_at_10_std": 0.07610721321903811,
        "nauc_precision_at_1_diff1": 0.36259901868396155,
        "nauc_precision_at_1_max": 0.22943163093458158,
        "nauc_precision_at_1_std": 0.06467668561756744,
        "nauc_precision_at_20_diff1": -0.06162398234503064,
        "nauc_precision_at_20_max": 0.41580940408153283,
        "nauc_precision_at_20_std": 0.1690333640986923,
        "nauc_precision_at_3_diff1": 0.18358108835574688,
        "nauc_precision_at_3_max": 0.2059654420401981,
        "nauc_precision_at_3_std": -0.0006003239128500851,
        "nauc_precision_at_5_diff1": 0.11122964099658753,
        "nauc_precision_at_5_max": 0.2257964571812305,
        "nauc_precision_at_5_std": -0.0058021918281308624,
        "nauc_recall_at_1000_diff1": -0.10162615824889404,
        "nauc_recall_at_1000_max": 0.39779482129176413,
        "nauc_recall_at_1000_std": 0.5797865719349277,
        "nauc_recall_at_100_diff1": -0.1242067591997845,
        "nauc_recall_at_100_max": 0.5528114404902751,
        "nauc_recall_at_100_std": 0.4655618530723816,
        "nauc_recall_at_10_diff1": 0.020353167899168016,
        "nauc_recall_at_10_max": 0.32548954641293554,
        "nauc_recall_at_10_std": 0.07610721321903947,
        "nauc_recall_at_1_diff1": 0.36259901868396155,
        "nauc_recall_at_1_max": 0.22943163093458158,
        "nauc_recall_at_1_std": 0.06467668561756744,
        "nauc_recall_at_20_diff1": -0.06162398234502991,
        "nauc_recall_at_20_max": 0.4158094040815343,
        "nauc_recall_at_20_std": 0.16903336409869352,
        "nauc_recall_at_3_diff1": 0.18358108835574682,
        "nauc_recall_at_3_max": 0.20596544204019793,
        "nauc_recall_at_3_std": -0.0006003239128511946,
        "nauc_recall_at_5_diff1": 0.1112296409965881,
        "nauc_recall_at_5_max": 0.22579645718123062,
        "nauc_recall_at_5_std": -0.00580219182812999,
        "ndcg_at_1": 0.45068,
        "ndcg_at_10": 0.63661,
        "ndcg_at_100": 0.6594,
        "ndcg_at_1000": 0.66837,
        "ndcg_at_20": 0.64607,
        "ndcg_at_3": 0.59193,
        "ndcg_at_5": 0.61589,
        "precision_at_1": 0.45068,
        "precision_at_10": 0.08115,
        "precision_at_100": 0.0092,
        "precision_at_1000": 0.00099,
        "precision_at_20": 0.04243,
        "precision_at_3": 0.22982,
        "precision_at_5": 0.14951,
        "recall_at_1": 0.45068,
        "recall_at_10": 0.81152,
        "recall_at_100": 0.91992,
        "recall_at_1000": 0.99219,
        "recall_at_20": 0.84863,
        "recall_at_3": 0.68945,
        "recall_at_5": 0.74756
      }
    ]
  },
  "task_name": "MedicalQARetrieval"
}