{
  "dataset_revision": "ec0fa4fe99da2ff19ca1214b7966684033a58814",
  "evaluation_time": 5.063007593154907,
  "kg_co2_emissions": null,
  "mteb_version": "1.15.4",
  "scores": {
    "test": [
      {
        "hf_subset": "default",
        "languages": [
          "eng-Latn"
        ],
        "main_score": 0.30886,
        "map_at_1": 0.0507,
        "map_at_10": 0.11287,
        "map_at_100": 0.13631,
        "map_at_1000": 0.14844,
        "map_at_20": 0.12226,
        "map_at_3": 0.08395,
        "map_at_5": 0.09721,
        "mrr_at_1": 0.4148606811145511,
        "mrr_at_10": 0.5104083738758659,
        "mrr_at_100": 0.5165956881647206,
        "mrr_at_1000": 0.51698793718302,
        "mrr_at_20": 0.5140004953144156,
        "mrr_at_3": 0.4922600619195047,
        "mrr_at_5": 0.5052631578947367,
        "nauc_map_at_1000_diff1": 0.28380961518522524,
        "nauc_map_at_1000_max": 0.3636019832055979,
        "nauc_map_at_1000_std": 0.15666607891873727,
        "nauc_map_at_100_diff1": 0.29486194329995347,
        "nauc_map_at_100_max": 0.3498374178472824,
        "nauc_map_at_100_std": 0.12706500899913442,
        "nauc_map_at_10_diff1": 0.3056292275326324,
        "nauc_map_at_10_max": 0.3007625106392017,
        "nauc_map_at_10_std": 0.043149033435301305,
        "nauc_map_at_1_diff1": 0.46437106141958223,
        "nauc_map_at_1_max": 0.15011073442142342,
        "nauc_map_at_1_std": -0.10757091481657842,
        "nauc_map_at_20_diff1": 0.3072178179819941,
        "nauc_map_at_20_max": 0.326624264502377,
        "nauc_map_at_20_std": 0.07566199585519531,
        "nauc_map_at_3_diff1": 0.38637250029810366,
        "nauc_map_at_3_max": 0.25715909177730467,
        "nauc_map_at_3_std": -0.02367908617174998,
        "nauc_map_at_5_diff1": 0.3533053531224161,
        "nauc_map_at_5_max": 0.274577592664015,
        "nauc_map_at_5_std": 0.004593243719367738,
        "nauc_mrr_at_1000_diff1": 0.31339730884926015,
        "nauc_mrr_at_1000_max": 0.5018395676049839,
        "nauc_mrr_at_1000_std": 0.25910476830128537,
        "nauc_mrr_at_100_diff1": 0.3131484221787457,
        "nauc_mrr_at_100_max": 0.5019988218834157,
        "nauc_mrr_at_100_std": 0.25937265093871603,
        "nauc_mrr_at_10_diff1": 0.3136992693903055,
        "nauc_mrr_at_10_max": 0.49636459186897913,
        "nauc_mrr_at_10_std": 0.25067424978365244,
        "nauc_mrr_at_1_diff1": 0.3197243624654052,
        "nauc_mrr_at_1_max": 0.44109353381321853,
        "nauc_mrr_at_1_std": 0.17368338757023863,
        "nauc_mrr_at_20_diff1": 0.31514977780825043,
        "nauc_mrr_at_20_max": 0.5023243589444523,
        "nauc_mrr_at_20_std": 0.25920100826491005,
        "nauc_mrr_at_3_diff1": 0.31549771057957565,
        "nauc_mrr_at_3_max": 0.49337740312003864,
        "nauc_mrr_at_3_std": 0.2429019411670798,
        "nauc_mrr_at_5_diff1": 0.31492275222240335,
        "nauc_mrr_at_5_max": 0.4985393370842255,
        "nauc_mrr_at_5_std": 0.2533480341232023,
        "nauc_ndcg_at_1000_diff1": 0.2674421355452055,
        "nauc_ndcg_at_1000_max": 0.5038505611872595,
        "nauc_ndcg_at_1000_std": 0.34457354741612173,
        "nauc_ndcg_at_100_diff1": 0.267557900398581,
        "nauc_ndcg_at_100_max": 0.4497723457008262,
        "nauc_ndcg_at_100_std": 0.27594831594796043,
        "nauc_ndcg_at_10_diff1": 0.19371954897153196,
        "nauc_ndcg_at_10_max": 0.4248778890368273,
        "nauc_ndcg_at_10_std": 0.22478818194709163,
        "nauc_ndcg_at_1_diff1": 0.3288595988323996,
        "nauc_ndcg_at_1_max": 0.4402112830207124,
        "nauc_ndcg_at_1_std": 0.15456215525225875,
        "nauc_ndcg_at_20_diff1": 0.22275023627892976,
        "nauc_ndcg_at_20_max": 0.43561908433873325,
        "nauc_ndcg_at_20_std": 0.2456194402497902,
        "nauc_ndcg_at_3_diff1": 0.23899410177063204,
        "nauc_ndcg_at_3_max": 0.4518075192049785,
        "nauc_ndcg_at_3_std": 0.20398677999026588,
        "nauc_ndcg_at_5_diff1": 0.21380109171584036,
        "nauc_ndcg_at_5_max": 0.44270074897458705,
        "nauc_ndcg_at_5_std": 0.21686309355073796,
        "nauc_precision_at_1000_diff1": -0.08611605121953485,
        "nauc_precision_at_1000_max": 0.16191744633112384,
        "nauc_precision_at_1000_std": 0.258580123072409,
        "nauc_precision_at_100_diff1": -0.05044005737845537,
        "nauc_precision_at_100_max": 0.27230705116974846,
        "nauc_precision_at_100_std": 0.3811979176638518,
        "nauc_precision_at_10_diff1": 0.007020195607556239,
        "nauc_precision_at_10_max": 0.38178257949255484,
        "nauc_precision_at_10_std": 0.3081436572187075,
        "nauc_precision_at_1_diff1": 0.3197243624654052,
        "nauc_precision_at_1_max": 0.44109353381321853,
        "nauc_precision_at_1_std": 0.17368338757023863,
        "nauc_precision_at_20_diff1": 0.017001413262542026,
        "nauc_precision_at_20_max": 0.38116518185882553,
        "nauc_precision_at_20_std": 0.36358134496443345,
        "nauc_precision_at_3_diff1": 0.13174419492432374,
        "nauc_precision_at_3_max": 0.45039853868406016,
        "nauc_precision_at_3_std": 0.2610751093211731,
        "nauc_precision_at_5_diff1": 0.07087139797468343,
        "nauc_precision_at_5_max": 0.4273610986018056,
        "nauc_precision_at_5_std": 0.29397063744026924,
        "nauc_recall_at_1000_diff1": 0.13441497464746413,
        "nauc_recall_at_1000_max": 0.27072004647938935,
        "nauc_recall_at_1000_std": 0.25705396264834396,
        "nauc_recall_at_100_diff1": 0.2221022221218777,
        "nauc_recall_at_100_max": 0.3088973941371826,
        "nauc_recall_at_100_std": 0.2068652516822883,
        "nauc_recall_at_10_diff1": 0.25187646365486416,
        "nauc_recall_at_10_max": 0.2785453694952828,
        "nauc_recall_at_10_std": 0.05559918066532297,
        "nauc_recall_at_1_diff1": 0.46437106141958223,
        "nauc_recall_at_1_max": 0.15011073442142342,
        "nauc_recall_at_1_std": -0.10757091481657842,
        "nauc_recall_at_20_diff1": 0.27708628440407423,
        "nauc_recall_at_20_max": 0.3101936049441537,
        "nauc_recall_at_20_std": 0.1117553373727652,
        "nauc_recall_at_3_diff1": 0.3809998660893846,
        "nauc_recall_at_3_max": 0.26472178577724764,
        "nauc_recall_at_3_std": -0.017619742514178312,
        "nauc_recall_at_5_diff1": 0.3176310913754922,
        "nauc_recall_at_5_max": 0.2611966697264113,
        "nauc_recall_at_5_std": 0.014576516362342773,
        "ndcg_at_1": 0.39783,
        "ndcg_at_10": 0.30886,
        "ndcg_at_100": 0.27459,
        "ndcg_at_1000": 0.35982,
        "ndcg_at_20": 0.28375,
        "ndcg_at_3": 0.36705,
        "ndcg_at_5": 0.34156,
        "precision_at_1": 0.41486,
        "precision_at_10": 0.22415,
        "precision_at_100": 0.0682,
        "precision_at_1000": 0.01898,
        "precision_at_20": 0.163,
        "precision_at_3": 0.34572,
        "precision_at_5": 0.29288,
        "recall_at_1": 0.0507,
        "recall_at_10": 0.14576,
        "recall_at_100": 0.27112,
        "recall_at_1000": 0.57967,
        "recall_at_20": 0.17598,
        "recall_at_3": 0.09242,
        "recall_at_5": 0.11668
      }
    ]
  },
  "task_name": "NFCorpus"
}