{
  "dataset_revision": "main",
  "evaluation_time": 0.45934200286865234,
  "kg_co2_emissions": null,
  "mteb_version": "1.15.4",
  "scores": {
    "test": [
      {
        "hf_subset": "english",
        "languages": [
          "eng-Latn"
        ],
        "main_score": 0.79869,
        "map_at_1": 0.63372,
        "map_at_10": 0.7485,
        "map_at_100": 0.75019,
        "map_at_1000": 0.75025,
        "map_at_20": 0.74898,
        "map_at_3": 0.72965,
        "map_at_5": 0.7407,
        "mrr_at_1": 0.6337209302325582,
        "mrr_at_10": 0.748500369139904,
        "mrr_at_100": 0.7501927390043686,
        "mrr_at_1000": 0.7502465719070385,
        "mrr_at_20": 0.7489848652639352,
        "mrr_at_3": 0.7296511627906976,
        "mrr_at_5": 0.7406976744186047,
        "nauc_map_at_1000_diff1": 0.6383209323064628,
        "nauc_map_at_1000_max": 0.2504851756519183,
        "nauc_map_at_1000_std": -0.19910083069564155,
        "nauc_map_at_100_diff1": 0.6383425244986115,
        "nauc_map_at_100_max": 0.2506767069261158,
        "nauc_map_at_100_std": -0.19879441205983278,
        "nauc_map_at_10_diff1": 0.6381485569282602,
        "nauc_map_at_10_max": 0.25052547972599326,
        "nauc_map_at_10_std": -0.19911841206971104,
        "nauc_map_at_1_diff1": 0.6794054092751476,
        "nauc_map_at_1_max": 0.26200404763972573,
        "nauc_map_at_1_std": -0.207704658724708,
        "nauc_map_at_20_diff1": 0.63732109256938,
        "nauc_map_at_20_max": 0.2491101537527305,
        "nauc_map_at_20_std": -0.19829323644271432,
        "nauc_map_at_3_diff1": 0.6339292939086679,
        "nauc_map_at_3_max": 0.2363501129683294,
        "nauc_map_at_3_std": -0.20051867057848105,
        "nauc_map_at_5_diff1": 0.6334484509279157,
        "nauc_map_at_5_max": 0.24637835066122019,
        "nauc_map_at_5_std": -0.2106564634572916,
        "nauc_mrr_at_1000_diff1": 0.6383209323064628,
        "nauc_mrr_at_1000_max": 0.2504851756519183,
        "nauc_mrr_at_1000_std": -0.19910083069564155,
        "nauc_mrr_at_100_diff1": 0.6383425244986115,
        "nauc_mrr_at_100_max": 0.2506767069261158,
        "nauc_mrr_at_100_std": -0.19879441205983278,
        "nauc_mrr_at_10_diff1": 0.6381485569282602,
        "nauc_mrr_at_10_max": 0.25052547972599326,
        "nauc_mrr_at_10_std": -0.19911841206971104,
        "nauc_mrr_at_1_diff1": 0.6794054092751476,
        "nauc_mrr_at_1_max": 0.26200404763972573,
        "nauc_mrr_at_1_std": -0.207704658724708,
        "nauc_mrr_at_20_diff1": 0.63732109256938,
        "nauc_mrr_at_20_max": 0.2491101537527305,
        "nauc_mrr_at_20_std": -0.19829323644271432,
        "nauc_mrr_at_3_diff1": 0.6339292939086679,
        "nauc_mrr_at_3_max": 0.2363501129683294,
        "nauc_mrr_at_3_std": -0.20051867057848105,
        "nauc_mrr_at_5_diff1": 0.6334484509279157,
        "nauc_mrr_at_5_max": 0.24637835066122019,
        "nauc_mrr_at_5_std": -0.2106564634572916,
        "nauc_ndcg_at_1000_diff1": 0.6333853127821029,
        "nauc_ndcg_at_1000_max": 0.2521282920974073,
        "nauc_ndcg_at_1000_std": -0.19296257712083706,
        "nauc_ndcg_at_100_diff1": 0.6338549715333431,
        "nauc_ndcg_at_100_max": 0.2560558027703109,
        "nauc_ndcg_at_100_std": -0.18669763461197036,
        "nauc_ndcg_at_10_diff1": 0.629427656304107,
        "nauc_ndcg_at_10_max": 0.2544832051952387,
        "nauc_ndcg_at_10_std": -0.18422596040427242,
        "nauc_ndcg_at_1_diff1": 0.6794054092751476,
        "nauc_ndcg_at_1_max": 0.26200404763972573,
        "nauc_ndcg_at_1_std": -0.207704658724708,
        "nauc_ndcg_at_20_diff1": 0.6260151837714987,
        "nauc_ndcg_at_20_max": 0.24882019131914832,
        "nauc_ndcg_at_20_std": -0.18076587282156228,
        "nauc_ndcg_at_3_diff1": 0.619260986029805,
        "nauc_ndcg_at_3_max": 0.2234646775358271,
        "nauc_ndcg_at_3_std": -0.1962217737165168,
        "nauc_ndcg_at_5_diff1": 0.6170286881216935,
        "nauc_ndcg_at_5_max": 0.24410459925237074,
        "nauc_ndcg_at_5_std": -0.21586736842875268,
        "nauc_precision_at_1000_diff1": 1.0,
        "nauc_precision_at_1000_max": 1.0,
        "nauc_precision_at_1000_std": 1.0,
        "nauc_precision_at_100_diff1": 0.7228171493000948,
        "nauc_precision_at_100_max": 1.0,
        "nauc_precision_at_100_std": 1.0,
        "nauc_precision_at_10_diff1": 0.5421242426354104,
        "nauc_precision_at_10_max": 0.3312093036475439,
        "nauc_precision_at_10_std": 0.04992904705489656,
        "nauc_precision_at_1_diff1": 0.6794054092751476,
        "nauc_precision_at_1_max": 0.26200404763972573,
        "nauc_precision_at_1_std": -0.207704658724708,
        "nauc_precision_at_20_diff1": 0.47671342015475354,
        "nauc_precision_at_20_max": 0.254317816258623,
        "nauc_precision_at_20_std": 0.13705733794147307,
        "nauc_precision_at_3_diff1": 0.554553930747947,
        "nauc_precision_at_3_max": 0.16370399407190572,
        "nauc_precision_at_3_std": -0.1760139567242717,
        "nauc_precision_at_5_diff1": 0.5198278687388529,
        "nauc_precision_at_5_max": 0.23653949494998572,
        "nauc_precision_at_5_std": -0.25136387609368255,
        "nauc_recall_at_1000_diff1": NaN,
        "nauc_recall_at_1000_max": NaN,
        "nauc_recall_at_1000_std": NaN,
        "nauc_recall_at_100_diff1": 0.7228171493001092,
        "nauc_recall_at_100_max": 1.0,
        "nauc_recall_at_100_std": 1.0,
        "nauc_recall_at_10_diff1": 0.5421242426354093,
        "nauc_recall_at_10_max": 0.3312093036475479,
        "nauc_recall_at_10_std": 0.04992904705489933,
        "nauc_recall_at_1_diff1": 0.6794054092751476,
        "nauc_recall_at_1_max": 0.26200404763972573,
        "nauc_recall_at_1_std": -0.207704658724708,
        "nauc_recall_at_20_diff1": 0.4767134201547554,
        "nauc_recall_at_20_max": 0.2543178162586208,
        "nauc_recall_at_20_std": 0.13705733794147165,
        "nauc_recall_at_3_diff1": 0.5545539307479477,
        "nauc_recall_at_3_max": 0.1637039940719061,
        "nauc_recall_at_3_std": -0.17601395672427092,
        "nauc_recall_at_5_diff1": 0.5198278687388551,
        "nauc_recall_at_5_max": 0.2365394949499849,
        "nauc_recall_at_5_std": -0.2513638760936849,
        "ndcg_at_1": 0.63372,
        "ndcg_at_10": 0.79869,
        "ndcg_at_100": 0.80731,
        "ndcg_at_1000": 0.80817,
        "ndcg_at_20": 0.80026,
        "ndcg_at_3": 0.76031,
        "ndcg_at_5": 0.77983,
        "precision_at_1": 0.63372,
        "precision_at_10": 0.09535,
        "precision_at_100": 0.00994,
        "precision_at_1000": 0.001,
        "precision_at_20": 0.04797,
        "precision_at_3": 0.28295,
        "precision_at_5": 0.17907,
        "recall_at_1": 0.63372,
        "recall_at_10": 0.95349,
        "recall_at_100": 0.99419,
        "recall_at_1000": 1.0,
        "recall_at_20": 0.9593,
        "recall_at_3": 0.84884,
        "recall_at_5": 0.89535
      }
    ]
  },
  "task_name": "PublicHealthQA"
}