{
  "dataset_revision": "bb9466bac8153a0349341eb1b22e06409e78ef4e",
  "evaluation_time": 147.88068413734436,
  "kg_co2_emissions": null,
  "mteb_version": "1.15.4",
  "scores": {
    "test": [
      {
        "hf_subset": "default",
        "languages": [
          "eng-Latn"
        ],
        "main_score": 0.79428,
        "map_at_1": 0.00235,
        "map_at_10": 0.0201,
        "map_at_100": 0.12059,
        "map_at_1000": 0.27438,
        "map_at_20": 0.03721,
        "map_at_3": 0.00665,
        "map_at_5": 0.01096,
        "mrr_at_1": 0.88,
        "mrr_at_10": 0.9266666666666667,
        "mrr_at_100": 0.9266666666666667,
        "mrr_at_1000": 0.9266666666666667,
        "mrr_at_20": 0.9266666666666667,
        "mrr_at_3": 0.9166666666666667,
        "mrr_at_5": 0.9266666666666667,
        "nauc_map_at_1000_diff1": -0.1969045347821854,
        "nauc_map_at_1000_max": 0.533454877786967,
        "nauc_map_at_1000_std": 0.7998690423506426,
        "nauc_map_at_100_diff1": -0.1956785414916678,
        "nauc_map_at_100_max": 0.24511832700879324,
        "nauc_map_at_100_std": 0.5566737487098201,
        "nauc_map_at_10_diff1": 0.07770385177580615,
        "nauc_map_at_10_max": 0.016700371486127588,
        "nauc_map_at_10_std": 0.05676235554320717,
        "nauc_map_at_1_diff1": 0.16115266057543656,
        "nauc_map_at_1_max": -0.08281647136750277,
        "nauc_map_at_1_std": -0.13654150097679824,
        "nauc_map_at_20_diff1": -0.014069634477647384,
        "nauc_map_at_20_max": 0.06910984416680499,
        "nauc_map_at_20_std": 0.18509003999547993,
        "nauc_map_at_3_diff1": 0.16974009193424727,
        "nauc_map_at_3_max": -0.04894975338662136,
        "nauc_map_at_3_std": -0.09564581685308858,
        "nauc_map_at_5_diff1": 0.1709017573538214,
        "nauc_map_at_5_max": -0.03440786366808707,
        "nauc_map_at_5_std": -0.06426662482932774,
        "nauc_mrr_at_1000_diff1": 0.10371834759312325,
        "nauc_mrr_at_1000_max": 0.46552804424855193,
        "nauc_mrr_at_1000_std": 0.21640307665716196,
        "nauc_mrr_at_100_diff1": 0.10371834759312325,
        "nauc_mrr_at_100_max": 0.46552804424855193,
        "nauc_mrr_at_100_std": 0.21640307665716196,
        "nauc_mrr_at_10_diff1": 0.10371834759312325,
        "nauc_mrr_at_10_max": 0.46552804424855193,
        "nauc_mrr_at_10_std": 0.21640307665716196,
        "nauc_mrr_at_1_diff1": 0.1499363665287941,
        "nauc_mrr_at_1_max": 0.4803531657651927,
        "nauc_mrr_at_1_std": 0.21428571428571444,
        "nauc_mrr_at_20_diff1": 0.10371834759312325,
        "nauc_mrr_at_20_max": 0.46552804424855193,
        "nauc_mrr_at_20_std": 0.21640307665716196,
        "nauc_mrr_at_3_diff1": 0.08182508062986293,
        "nauc_mrr_at_3_max": 0.45131853538228056,
        "nauc_mrr_at_3_std": 0.23367482451147883,
        "nauc_mrr_at_5_diff1": 0.10371834759312325,
        "nauc_mrr_at_5_max": 0.46552804424855193,
        "nauc_mrr_at_5_std": 0.21640307665716196,
        "nauc_ndcg_at_1000_diff1": -0.15240944118558816,
        "nauc_ndcg_at_1000_max": 0.5117267250334008,
        "nauc_ndcg_at_1000_std": 0.7644401635089529,
        "nauc_ndcg_at_100_diff1": -0.23818401876428313,
        "nauc_ndcg_at_100_max": 0.5002512897892972,
        "nauc_ndcg_at_100_std": 0.71657183473762,
        "nauc_ndcg_at_10_diff1": -0.06420965011277276,
        "nauc_ndcg_at_10_max": 0.47871533520676296,
        "nauc_ndcg_at_10_std": 0.5436675961505559,
        "nauc_ndcg_at_1_diff1": 0.11398502700049114,
        "nauc_ndcg_at_1_max": 0.4759756995581733,
        "nauc_ndcg_at_1_std": 0.3927650957290129,
        "nauc_ndcg_at_20_diff1": -0.1761215316108169,
        "nauc_ndcg_at_20_max": 0.49544095631925755,
        "nauc_ndcg_at_20_std": 0.6200233246476518,
        "nauc_ndcg_at_3_diff1": -0.031210195605535215,
        "nauc_ndcg_at_3_max": 0.4406199612289842,
        "nauc_ndcg_at_3_std": 0.3920444672773157,
        "nauc_ndcg_at_5_diff1": 0.0071160754863048865,
        "nauc_ndcg_at_5_max": 0.48154865579683126,
        "nauc_ndcg_at_5_std": 0.4630762939336698,
        "nauc_precision_at_1000_diff1": -0.14679219966667575,
        "nauc_precision_at_1000_max": 0.5087353260442113,
        "nauc_precision_at_1000_std": 0.49325605641512654,
        "nauc_precision_at_100_diff1": -0.2968435091643216,
        "nauc_precision_at_100_max": 0.4998618017340304,
        "nauc_precision_at_100_std": 0.7255037605313176,
        "nauc_precision_at_10_diff1": -0.17453654590275178,
        "nauc_precision_at_10_max": 0.5209002724629265,
        "nauc_precision_at_10_std": 0.5885657154632248,
        "nauc_precision_at_1_diff1": 0.1499363665287941,
        "nauc_precision_at_1_max": 0.4803531657651927,
        "nauc_precision_at_1_std": 0.21428571428571444,
        "nauc_precision_at_20_diff1": -0.2953194100229904,
        "nauc_precision_at_20_max": 0.5209935438949653,
        "nauc_precision_at_20_std": 0.6625487310117093,
        "nauc_precision_at_3_diff1": -0.11326164874551924,
        "nauc_precision_at_3_max": 0.5160778289810546,
        "nauc_precision_at_3_std": 0.34526369687660063,
        "nauc_precision_at_5_diff1": -0.06515059399595846,
        "nauc_precision_at_5_max": 0.5835620039764037,
        "nauc_precision_at_5_std": 0.4665209747120396,
        "nauc_recall_at_1000_diff1": -0.08924056934329269,
        "nauc_recall_at_1000_max": 0.43876348628470807,
        "nauc_recall_at_1000_std": 0.6915567850073239,
        "nauc_recall_at_100_diff1": -0.1330456037395253,
        "nauc_recall_at_100_max": 0.09878239131542105,
        "nauc_recall_at_100_std": 0.38863768383409963,
        "nauc_recall_at_10_diff1": 0.07123344922388931,
        "nauc_recall_at_10_max": -0.07907808018484587,
        "nauc_recall_at_10_std": -0.003241801691680595,
        "nauc_recall_at_1_diff1": 0.16115266057543656,
        "nauc_recall_at_1_max": -0.08281647136750277,
        "nauc_recall_at_1_std": -0.13654150097679824,
        "nauc_recall_at_20_diff1": 0.01528070400626766,
        "nauc_recall_at_20_max": -0.04714387070839693,
        "nauc_recall_at_20_std": 0.07759297000638278,
        "nauc_recall_at_3_diff1": 0.14945953118081035,
        "nauc_recall_at_3_max": -0.09043714654666096,
        "nauc_recall_at_3_std": -0.11690431831418882,
        "nauc_recall_at_5_diff1": 0.1530491628821596,
        "nauc_recall_at_5_max": -0.09508415192812121,
        "nauc_recall_at_5_std": -0.09528704812165764,
        "ndcg_at_1": 0.84,
        "ndcg_at_10": 0.79428,
        "ndcg_at_100": 0.60907,
        "ndcg_at_1000": 0.52007,
        "ndcg_at_20": 0.77049,
        "ndcg_at_3": 0.82285,
        "ndcg_at_5": 0.81565,
        "precision_at_1": 0.88,
        "precision_at_10": 0.848,
        "precision_at_100": 0.623,
        "precision_at_1000": 0.23014,
        "precision_at_20": 0.821,
        "precision_at_3": 0.86667,
        "precision_at_5": 0.872,
        "recall_at_1": 0.00235,
        "recall_at_10": 0.0219,
        "recall_at_100": 0.14897,
        "recall_at_1000": 0.47875,
        "recall_at_20": 0.04167,
        "recall_at_3": 0.00695,
        "recall_at_5": 0.01165
      }
    ]
  },
  "task_name": "TRECCOVID"
}