{
  "dataset_revision": "c22ab2a51041ffd869aaddef7af8d8215647e41a",
  "evaluation_time": 50.79978322982788,
  "kg_co2_emissions": null,
  "mteb_version": "1.15.7",
  "scores": {
    "test": [
      {
        "hf_subset": "default",
        "languages": [
          "eng-Latn"
        ],
        "main_score": 0.53615,
        "map_at_1": 0.28592,
        "map_at_10": 0.44517,
        "map_at_100": 0.45408,
        "map_at_1000": 0.45413,
        "map_at_20": 0.45204,
        "map_at_3": 0.39497,
        "map_at_5": 0.42289,
        "mrr_at_1": 0.2923186344238976,
        "mrr_at_10": 0.44753437648174565,
        "mrr_at_100": 0.45651336090277433,
        "mrr_at_1000": 0.4565648479437695,
        "mrr_at_20": 0.4545015944569888,
        "mrr_at_3": 0.3972261735419631,
        "mrr_at_5": 0.42532005689900465,
        "nauc_map_at_1000_diff1": 0.0970842296414788,
        "nauc_map_at_1000_max": -0.06864005496996971,
        "nauc_map_at_1000_std": -0.07311064020201008,
        "nauc_map_at_100_diff1": 0.09716394715560145,
        "nauc_map_at_100_max": -0.06855049824457755,
        "nauc_map_at_100_std": -0.07310366345646203,
        "nauc_map_at_10_diff1": 0.09607811623556517,
        "nauc_map_at_10_max": -0.06831433649801254,
        "nauc_map_at_10_std": -0.07510873991697165,
        "nauc_map_at_1_diff1": 0.1319715497183395,
        "nauc_map_at_1_max": -0.08460666235363966,
        "nauc_map_at_1_std": -0.06824223251267793,
        "nauc_map_at_20_diff1": 0.09621185657605218,
        "nauc_map_at_20_max": -0.06813427421515156,
        "nauc_map_at_20_std": -0.07356684241418136,
        "nauc_map_at_3_diff1": 0.09290787893002203,
        "nauc_map_at_3_max": -0.07673777381856875,
        "nauc_map_at_3_std": -0.07350879265657329,
        "nauc_map_at_5_diff1": 0.09295017000510115,
        "nauc_map_at_5_max": -0.07013227853441772,
        "nauc_map_at_5_std": -0.07403947134507458,
        "nauc_mrr_at_1000_diff1": 0.07899596928764756,
        "nauc_mrr_at_1000_max": -0.07287653260885323,
        "nauc_mrr_at_1000_std": -0.06981270017041374,
        "nauc_mrr_at_100_diff1": 0.07907822834102807,
        "nauc_mrr_at_100_max": -0.0727868229769735,
        "nauc_mrr_at_100_std": -0.06980632104768585,
        "nauc_mrr_at_10_diff1": 0.07796293215175619,
        "nauc_mrr_at_10_max": -0.07319123526563229,
        "nauc_mrr_at_10_std": -0.07266867464946099,
        "nauc_mrr_at_1_diff1": 0.11181485346419465,
        "nauc_mrr_at_1_max": -0.08005810343912968,
        "nauc_mrr_at_1_std": -0.059618683340763035,
        "nauc_mrr_at_20_diff1": 0.0782018203745998,
        "nauc_mrr_at_20_max": -0.07240198648088282,
        "nauc_mrr_at_20_std": -0.07009524406420672,
        "nauc_mrr_at_3_diff1": 0.07557810706196501,
        "nauc_mrr_at_3_max": -0.08132018882648819,
        "nauc_mrr_at_3_std": -0.07071157464256685,
        "nauc_mrr_at_5_diff1": 0.07602663546188364,
        "nauc_mrr_at_5_max": -0.07393256247081069,
        "nauc_mrr_at_5_std": -0.07065425449476916,
        "nauc_ndcg_at_1000_diff1": 0.09421610080041333,
        "nauc_ndcg_at_1000_max": -0.0624129559366649,
        "nauc_ndcg_at_1000_std": -0.0705967609729176,
        "nauc_ndcg_at_100_diff1": 0.09598393471639119,
        "nauc_ndcg_at_100_max": -0.059700923628531216,
        "nauc_ndcg_at_100_std": -0.06933465001009016,
        "nauc_ndcg_at_10_diff1": 0.08932282823879198,
        "nauc_ndcg_at_10_max": -0.05581801299344982,
        "nauc_ndcg_at_10_std": -0.07790445000830488,
        "nauc_ndcg_at_1_diff1": 0.1319715497183395,
        "nauc_ndcg_at_1_max": -0.08460666235363966,
        "nauc_ndcg_at_1_std": -0.06824223251267793,
        "nauc_ndcg_at_20_diff1": 0.09031476223788772,
        "nauc_ndcg_at_20_max": -0.05432786050164327,
        "nauc_ndcg_at_20_std": -0.07121467941118571,
        "nauc_ndcg_at_3_diff1": 0.08185581562564441,
        "nauc_ndcg_at_3_max": -0.07435177655930095,
        "nauc_ndcg_at_3_std": -0.0736098853212293,
        "nauc_ndcg_at_5_diff1": 0.08138326622756645,
        "nauc_ndcg_at_5_max": -0.06266768990177674,
        "nauc_ndcg_at_5_std": -0.07499920323836101,
        "nauc_precision_at_1000_diff1": 0.10593718776325649,
        "nauc_precision_at_1000_max": 0.190537157033844,
        "nauc_precision_at_1000_std": 0.5262066493023394,
        "nauc_precision_at_100_diff1": 0.3063445535037546,
        "nauc_precision_at_100_max": 0.35950595912402294,
        "nauc_precision_at_100_std": 0.2810203316604837,
        "nauc_precision_at_10_diff1": 0.06100267824746572,
        "nauc_precision_at_10_max": 0.023097901439620185,
        "nauc_precision_at_10_std": -0.09518410093536184,
        "nauc_precision_at_1_diff1": 0.1319715497183395,
        "nauc_precision_at_1_max": -0.08460666235363966,
        "nauc_precision_at_1_std": -0.06824223251267793,
        "nauc_precision_at_20_diff1": 0.05011640610332804,
        "nauc_precision_at_20_max": 0.12358996378744039,
        "nauc_precision_at_20_std": -0.02549367070730894,
        "nauc_precision_at_3_diff1": 0.0499403661629816,
        "nauc_precision_at_3_max": -0.06740521831911418,
        "nauc_precision_at_3_std": -0.073411054320782,
        "nauc_precision_at_5_diff1": 0.04279121629094485,
        "nauc_precision_at_5_max": -0.03600309649904071,
        "nauc_precision_at_5_std": -0.07820955966252945,
        "nauc_recall_at_1000_diff1": 0.10593718776322546,
        "nauc_recall_at_1000_max": 0.19053715703376903,
        "nauc_recall_at_1000_std": 0.5262066493023029,
        "nauc_recall_at_100_diff1": 0.3063445535037611,
        "nauc_recall_at_100_max": 0.35950595912403155,
        "nauc_recall_at_100_std": 0.2810203316604905,
        "nauc_recall_at_10_diff1": 0.061002678247465254,
        "nauc_recall_at_10_max": 0.023097901439620563,
        "nauc_recall_at_10_std": -0.09518410093536155,
        "nauc_recall_at_1_diff1": 0.1319715497183395,
        "nauc_recall_at_1_max": -0.08460666235363966,
        "nauc_recall_at_1_std": -0.06824223251267793,
        "nauc_recall_at_20_diff1": 0.05011640610332684,
        "nauc_recall_at_20_max": 0.12358996378743925,
        "nauc_recall_at_20_std": -0.025493670707310203,
        "nauc_recall_at_3_diff1": 0.049940366162981885,
        "nauc_recall_at_3_max": -0.06740521831911378,
        "nauc_recall_at_3_std": -0.07341105432078218,
        "nauc_recall_at_5_diff1": 0.042791216290944324,
        "nauc_recall_at_5_max": -0.036003096499040876,
        "nauc_recall_at_5_std": -0.07820955966252985,
        "ndcg_at_1": 0.28592,
        "ndcg_at_10": 0.53615,
        "ndcg_at_100": 0.57297,
        "ndcg_at_1000": 0.57433,
        "ndcg_at_20": 0.56021,
        "ndcg_at_3": 0.43189,
        "ndcg_at_5": 0.48254,
        "precision_at_1": 0.28592,
        "precision_at_10": 0.08279,
        "precision_at_100": 0.00986,
        "precision_at_1000": 0.001,
        "precision_at_20": 0.04605,
        "precision_at_3": 0.17971,
        "precision_at_5": 0.13257,
        "recall_at_1": 0.28592,
        "recall_at_10": 0.82788,
        "recall_at_100": 0.98578,
        "recall_at_1000": 0.99644,
        "recall_at_20": 0.92105,
        "recall_at_3": 0.53912,
        "recall_at_5": 0.66287
      }
    ]
  },
  "task_name": "ArguAna"
}