{
  "dataset_revision": "ae763399273d8b20506b80cf6f6f9a31a6a2b238",
  "evaluation_time": 22.427379608154297,
  "kg_co2_emissions": null,
  "mteb_version": "1.15.7",
  "scores": {
    "test": [
      {
        "hf_subset": "default",
        "languages": [
          "eng-Latn"
        ],
        "main_score": 0.6782,
        "map_at_1": 0.50928,
        "map_at_10": 0.62381,
        "map_at_100": 0.62848,
        "map_at_1000": 0.62867,
        "map_at_20": 0.62705,
        "map_at_3": 0.59888,
        "map_at_5": 0.61382,
        "mrr_at_1": 0.5087890625,
        "mrr_at_10": 0.6235777839781732,
        "mrr_at_100": 0.6282421798798001,
        "mrr_at_1000": 0.6284370919225403,
        "mrr_at_20": 0.6268137891776959,
        "mrr_at_3": 0.5986328124999989,
        "mrr_at_5": 0.6135742187499994,
        "nauc_map_at_1000_diff1": 0.4129331208990767,
        "nauc_map_at_1000_max": 0.30941407873762655,
        "nauc_map_at_1000_std": -0.06333635650129565,
        "nauc_map_at_100_diff1": 0.41276205626831014,
        "nauc_map_at_100_max": 0.3095496307819072,
        "nauc_map_at_100_std": -0.06319366782842016,
        "nauc_map_at_10_diff1": 0.40982406591937043,
        "nauc_map_at_10_max": 0.3094708924852942,
        "nauc_map_at_10_std": -0.06419543116571129,
        "nauc_map_at_1_diff1": 0.4831766991097561,
        "nauc_map_at_1_max": 0.3014703594717748,
        "nauc_map_at_1_std": -0.06147631151964035,
        "nauc_map_at_20_diff1": 0.41138058447532294,
        "nauc_map_at_20_max": 0.3094918449466158,
        "nauc_map_at_20_std": -0.06444852758457444,
        "nauc_map_at_3_diff1": 0.4186498895700462,
        "nauc_map_at_3_max": 0.2989604018487987,
        "nauc_map_at_3_std": -0.07322672849377236,
        "nauc_map_at_5_diff1": 0.4133246255883738,
        "nauc_map_at_5_max": 0.30520235662233075,
        "nauc_map_at_5_std": -0.0703913574011014,
        "nauc_mrr_at_1000_diff1": 0.4136979882618659,
        "nauc_mrr_at_1000_max": 0.30966819023425046,
        "nauc_mrr_at_1000_std": -0.06176075978303819,
        "nauc_mrr_at_100_diff1": 0.41352644018543716,
        "nauc_mrr_at_100_max": 0.30980352444505166,
        "nauc_mrr_at_100_std": -0.06161920467123307,
        "nauc_mrr_at_10_diff1": 0.41057806151031817,
        "nauc_mrr_at_10_max": 0.3097210859461147,
        "nauc_mrr_at_10_std": -0.06264377105869912,
        "nauc_mrr_at_1_diff1": 0.4843396634735623,
        "nauc_mrr_at_1_max": 0.3014682379704947,
        "nauc_mrr_at_1_std": -0.05884463816875205,
        "nauc_mrr_at_20_diff1": 0.41214160806217603,
        "nauc_mrr_at_20_max": 0.30974450973544276,
        "nauc_mrr_at_20_std": -0.06288143303792591,
        "nauc_mrr_at_3_diff1": 0.4193285631770633,
        "nauc_mrr_at_3_max": 0.29925577247030366,
        "nauc_mrr_at_3_std": -0.07160411036783032,
        "nauc_mrr_at_5_diff1": 0.41402970045175147,
        "nauc_mrr_at_5_max": 0.3055770001379995,
        "nauc_mrr_at_5_std": -0.06886528563473435,
        "nauc_ndcg_at_1000_diff1": 0.39637517721428117,
        "nauc_ndcg_at_1000_max": 0.3159795269836821,
        "nauc_ndcg_at_1000_std": -0.05449194944140109,
        "nauc_ndcg_at_100_diff1": 0.3897519184171861,
        "nauc_ndcg_at_100_max": 0.32077118203308824,
        "nauc_ndcg_at_100_std": -0.047071718028934804,
        "nauc_ndcg_at_10_diff1": 0.37399446303706346,
        "nauc_ndcg_at_10_max": 0.32205751069705907,
        "nauc_ndcg_at_10_std": -0.055266657059692616,
        "nauc_ndcg_at_1_diff1": 0.4831766991097561,
        "nauc_ndcg_at_1_max": 0.3014703594717748,
        "nauc_ndcg_at_1_std": -0.06147631151964035,
        "nauc_ndcg_at_20_diff1": 0.3785554487413563,
        "nauc_ndcg_at_20_max": 0.3219225097469602,
        "nauc_ndcg_at_20_std": -0.05500777129847417,
        "nauc_ndcg_at_3_diff1": 0.3967950949744458,
        "nauc_ndcg_at_3_max": 0.297384932437895,
        "nauc_ndcg_at_3_std": -0.07737521194109603,
        "nauc_ndcg_at_5_diff1": 0.3853310891984213,
        "nauc_ndcg_at_5_max": 0.30964678270957285,
        "nauc_ndcg_at_5_std": -0.07188470042237172,
        "nauc_precision_at_1000_diff1": 0.23477323725968394,
        "nauc_precision_at_1000_max": 0.40328732681089097,
        "nauc_precision_at_1000_std": 0.37909383997950913,
        "nauc_precision_at_100_diff1": 0.10792115448301678,
        "nauc_precision_at_100_max": 0.5189062378564522,
        "nauc_precision_at_100_std": 0.32782196551668824,
        "nauc_precision_at_10_diff1": 0.16055306296503985,
        "nauc_precision_at_10_max": 0.4073829658885127,
        "nauc_precision_at_10_std": 0.009865399277841446,
        "nauc_precision_at_1_diff1": 0.4831766991097561,
        "nauc_precision_at_1_max": 0.3014703594717748,
        "nauc_precision_at_1_std": -0.06147631151964035,
        "nauc_precision_at_20_diff1": 0.11863780218042198,
        "nauc_precision_at_20_max": 0.4350407523216408,
        "nauc_precision_at_20_std": 0.04155945668345953,
        "nauc_precision_at_3_diff1": 0.32107360845491545,
        "nauc_precision_at_3_max": 0.29163214072710025,
        "nauc_precision_at_3_std": -0.09181710288847166,
        "nauc_precision_at_5_diff1": 0.2685664574522793,
        "nauc_precision_at_5_max": 0.33047101792260847,
        "nauc_precision_at_5_std": -0.07658524581013959,
        "nauc_recall_at_1000_diff1": 0.23477323725970822,
        "nauc_recall_at_1000_max": 0.4032873268109015,
        "nauc_recall_at_1000_std": 0.37909383997953183,
        "nauc_recall_at_100_diff1": 0.1079211544830211,
        "nauc_recall_at_100_max": 0.518906237856454,
        "nauc_recall_at_100_std": 0.32782196551669307,
        "nauc_recall_at_10_diff1": 0.16055306296504157,
        "nauc_recall_at_10_max": 0.4073829658885143,
        "nauc_recall_at_10_std": 0.009865399277844352,
        "nauc_recall_at_1_diff1": 0.4831766991097561,
        "nauc_recall_at_1_max": 0.3014703594717748,
        "nauc_recall_at_1_std": -0.06147631151964035,
        "nauc_recall_at_20_diff1": 0.11863780218042375,
        "nauc_recall_at_20_max": 0.4350407523216432,
        "nauc_recall_at_20_std": 0.041559456683461046,
        "nauc_recall_at_3_diff1": 0.32107360845491517,
        "nauc_recall_at_3_max": 0.2916321407271001,
        "nauc_recall_at_3_std": -0.09181710288847193,
        "nauc_recall_at_5_diff1": 0.2685664574522797,
        "nauc_recall_at_5_max": 0.33047101792260974,
        "nauc_recall_at_5_std": -0.07658524581013872,
        "ndcg_at_1": 0.50928,
        "ndcg_at_10": 0.6782,
        "ndcg_at_100": 0.70045,
        "ndcg_at_1000": 0.70559,
        "ndcg_at_20": 0.68987,
        "ndcg_at_3": 0.62757,
        "ndcg_at_5": 0.6542,
        "precision_at_1": 0.50928,
        "precision_at_10": 0.08481,
        "precision_at_100": 0.00952,
        "precision_at_1000": 0.00099,
        "precision_at_20": 0.0447,
        "precision_at_3": 0.23682,
        "precision_at_5": 0.15488,
        "recall_at_1": 0.50928,
        "recall_at_10": 0.84814,
        "recall_at_100": 0.95166,
        "recall_at_1000": 0.99219,
        "recall_at_20": 0.89404,
        "recall_at_3": 0.71045,
        "recall_at_5": 0.77441
      }
    ]
  },
  "task_name": "MedicalQARetrieval"
}