{
  "dataset_revision": "ec0fa4fe99da2ff19ca1214b7966684033a58814",
  "evaluation_time": 36.17443323135376,
  "kg_co2_emissions": null,
  "mteb_version": "1.15.7",
  "scores": {
    "test": [
      {
        "hf_subset": "default",
        "languages": [
          "eng-Latn"
        ],
        "main_score": 0.34125,
        "map_at_1": 0.05309,
        "map_at_10": 0.12614,
        "map_at_100": 0.15781,
        "map_at_1000": 0.17246,
        "map_at_20": 0.13954,
        "map_at_3": 0.09158,
        "map_at_5": 0.10828,
        "mrr_at_1": 0.43343653250773995,
        "mrr_at_10": 0.5332338198437268,
        "mrr_at_100": 0.5375344657801795,
        "mrr_at_1000": 0.5379659282739282,
        "mrr_at_20": 0.5356945996032442,
        "mrr_at_3": 0.5113519091847265,
        "mrr_at_5": 0.5245098039215687,
        "nauc_map_at_1000_diff1": 0.22053156486146663,
        "nauc_map_at_1000_max": 0.30572341203181364,
        "nauc_map_at_1000_std": 0.145609246834809,
        "nauc_map_at_100_diff1": 0.22794172927981776,
        "nauc_map_at_100_max": 0.29290363017117976,
        "nauc_map_at_100_std": 0.09522785526038871,
        "nauc_map_at_10_diff1": 0.2710962379532993,
        "nauc_map_at_10_max": 0.22096826628739413,
        "nauc_map_at_10_std": -0.03281442298334633,
        "nauc_map_at_1_diff1": 0.47322148468063696,
        "nauc_map_at_1_max": 0.13134185514970884,
        "nauc_map_at_1_std": -0.15741363703921551,
        "nauc_map_at_20_diff1": 0.2439976714236271,
        "nauc_map_at_20_max": 0.25333181279683015,
        "nauc_map_at_20_std": 0.017610644599820563,
        "nauc_map_at_3_diff1": 0.34372459791438403,
        "nauc_map_at_3_max": 0.1649671579940874,
        "nauc_map_at_3_std": -0.09766059883540915,
        "nauc_map_at_5_diff1": 0.3045982495042956,
        "nauc_map_at_5_max": 0.1867778987694934,
        "nauc_map_at_5_std": -0.07691586594413082,
        "nauc_mrr_at_1000_diff1": 0.32515786333839536,
        "nauc_mrr_at_1000_max": 0.47914103917837503,
        "nauc_mrr_at_1000_std": 0.2658222377821487,
        "nauc_mrr_at_100_diff1": 0.3252940001541172,
        "nauc_mrr_at_100_max": 0.4795490355048054,
        "nauc_mrr_at_100_std": 0.2661056649696089,
        "nauc_mrr_at_10_diff1": 0.3259676137768548,
        "nauc_mrr_at_10_max": 0.4777530559595924,
        "nauc_mrr_at_10_std": 0.2629563691312818,
        "nauc_mrr_at_1_diff1": 0.3365973888293943,
        "nauc_mrr_at_1_max": 0.4036993780370129,
        "nauc_mrr_at_1_std": 0.1736273614862554,
        "nauc_mrr_at_20_diff1": 0.3244205437147312,
        "nauc_mrr_at_20_max": 0.47793206185686593,
        "nauc_mrr_at_20_std": 0.26540316956152854,
        "nauc_mrr_at_3_diff1": 0.3219995856782806,
        "nauc_mrr_at_3_max": 0.46419573701014544,
        "nauc_mrr_at_3_std": 0.25168087123814037,
        "nauc_mrr_at_5_diff1": 0.32517503800949843,
        "nauc_mrr_at_5_max": 0.4726443085119541,
        "nauc_mrr_at_5_std": 0.2571304697149752,
        "nauc_ndcg_at_1000_diff1": 0.23843157363051004,
        "nauc_ndcg_at_1000_max": 0.4724765844597812,
        "nauc_ndcg_at_1000_std": 0.34244668106086834,
        "nauc_ndcg_at_100_diff1": 0.21954308109354945,
        "nauc_ndcg_at_100_max": 0.4321925853947853,
        "nauc_ndcg_at_100_std": 0.29087531288614715,
        "nauc_ndcg_at_10_diff1": 0.24490653259664746,
        "nauc_ndcg_at_10_max": 0.43116869171897,
        "nauc_ndcg_at_10_std": 0.28907099709911477,
        "nauc_ndcg_at_1_diff1": 0.3427285892537097,
        "nauc_ndcg_at_1_max": 0.37411840651117173,
        "nauc_ndcg_at_1_std": 0.17230398921744108,
        "nauc_ndcg_at_20_diff1": 0.22832637168730444,
        "nauc_ndcg_at_20_max": 0.41719773484427924,
        "nauc_ndcg_at_20_std": 0.2959576395784967,
        "nauc_ndcg_at_3_diff1": 0.27054517438421327,
        "nauc_ndcg_at_3_max": 0.41206915887525625,
        "nauc_ndcg_at_3_std": 0.24762727961017095,
        "nauc_ndcg_at_5_diff1": 0.2468648112274571,
        "nauc_ndcg_at_5_max": 0.4196876851679011,
        "nauc_ndcg_at_5_std": 0.2687988740247521,
        "nauc_precision_at_1000_diff1": -0.03752437582663705,
        "nauc_precision_at_1000_max": 0.14937609587212694,
        "nauc_precision_at_1000_std": 0.4928842549086639,
        "nauc_precision_at_100_diff1": -0.030892754233137986,
        "nauc_precision_at_100_max": 0.293783758191418,
        "nauc_precision_at_100_std": 0.5598902396818837,
        "nauc_precision_at_10_diff1": 0.07224265046871683,
        "nauc_precision_at_10_max": 0.4516578222680118,
        "nauc_precision_at_10_std": 0.43706086258290977,
        "nauc_precision_at_1_diff1": 0.3365973888293943,
        "nauc_precision_at_1_max": 0.4036993780370129,
        "nauc_precision_at_1_std": 0.1736273614862554,
        "nauc_precision_at_20_diff1": 0.01997453862741192,
        "nauc_precision_at_20_max": 0.39707977295449726,
        "nauc_precision_at_20_std": 0.4873990064839391,
        "nauc_precision_at_3_diff1": 0.17625595442722314,
        "nauc_precision_at_3_max": 0.4356907060014447,
        "nauc_precision_at_3_std": 0.2997754495902813,
        "nauc_precision_at_5_diff1": 0.11658550701500134,
        "nauc_precision_at_5_max": 0.4374492284097882,
        "nauc_precision_at_5_std": 0.34756396048914445,
        "nauc_recall_at_1000_diff1": 0.05672881303045803,
        "nauc_recall_at_1000_max": 0.2066296085505282,
        "nauc_recall_at_1000_std": 0.22030786116578716,
        "nauc_recall_at_100_diff1": 0.09579789644563252,
        "nauc_recall_at_100_max": 0.26694201923002625,
        "nauc_recall_at_100_std": 0.15618723702823759,
        "nauc_recall_at_10_diff1": 0.19286654094204067,
        "nauc_recall_at_10_max": 0.16239098686065256,
        "nauc_recall_at_10_std": -0.03621736785658501,
        "nauc_recall_at_1_diff1": 0.47322148468063696,
        "nauc_recall_at_1_max": 0.13134185514970884,
        "nauc_recall_at_1_std": -0.15741363703921551,
        "nauc_recall_at_20_diff1": 0.14845066717858754,
        "nauc_recall_at_20_max": 0.20472471510729215,
        "nauc_recall_at_20_std": 0.030929232878920573,
        "nauc_recall_at_3_diff1": 0.2853538581398575,
        "nauc_recall_at_3_max": 0.15183369497053914,
        "nauc_recall_at_3_std": -0.07848445315435162,
        "nauc_recall_at_5_diff1": 0.22937311508789407,
        "nauc_recall_at_5_max": 0.14787674995497338,
        "nauc_recall_at_5_std": -0.06456812030403887,
        "ndcg_at_1": 0.41641,
        "ndcg_at_10": 0.34125,
        "ndcg_at_100": 0.30745,
        "ndcg_at_1000": 0.39882,
        "ndcg_at_20": 0.31753,
        "ndcg_at_3": 0.39803,
        "ndcg_at_5": 0.37466,
        "precision_at_1": 0.43344,
        "precision_at_10": 0.25356,
        "precision_at_100": 0.07935,
        "precision_at_1000": 0.02113,
        "precision_at_20": 0.18793,
        "precision_at_3": 0.38287,
        "precision_at_5": 0.32941,
        "recall_at_1": 0.05309,
        "recall_at_10": 0.16957,
        "recall_at_100": 0.30418,
        "recall_at_1000": 0.64061,
        "recall_at_20": 0.20339,
        "recall_at_3": 0.1024,
        "recall_at_5": 0.132
      }
    ]
  },
  "task_name": "NFCorpus"
}