{
  "dataset_revision": "main",
  "evaluation_time": 4.115077495574951,
  "kg_co2_emissions": null,
  "mteb_version": "1.15.7",
  "scores": {
    "test": [
      {
        "hf_subset": "english",
        "languages": [
          "eng-Latn"
        ],
        "main_score": 0.84925,
        "map_at_1": 0.71512,
        "map_at_10": 0.811,
        "map_at_100": 0.81283,
        "map_at_1000": 0.81287,
        "map_at_20": 0.81265,
        "map_at_3": 0.79748,
        "map_at_5": 0.80678,
        "mrr_at_1": 0.7151162790697675,
        "mrr_at_10": 0.8110049833887043,
        "mrr_at_100": 0.812832401723903,
        "mrr_at_1000": 0.8128670085899052,
        "mrr_at_20": 0.8126507156773914,
        "mrr_at_3": 0.7974806201550387,
        "mrr_at_5": 0.806782945736434,
        "nauc_map_at_1000_diff1": 0.6746779629109831,
        "nauc_map_at_1000_max": 0.49452978641053125,
        "nauc_map_at_1000_std": -0.12177763126260027,
        "nauc_map_at_100_diff1": 0.6747452061006873,
        "nauc_map_at_100_max": 0.49463426574358216,
        "nauc_map_at_100_std": -0.12154576284465038,
        "nauc_map_at_10_diff1": 0.6726173127339835,
        "nauc_map_at_10_max": 0.4977937273315925,
        "nauc_map_at_10_std": -0.116066647360962,
        "nauc_map_at_1_diff1": 0.6957386254651355,
        "nauc_map_at_1_max": 0.4617101322281715,
        "nauc_map_at_1_std": -0.2009247299613702,
        "nauc_map_at_20_diff1": 0.6746145257897155,
        "nauc_map_at_20_max": 0.4944858642079645,
        "nauc_map_at_20_std": -0.12266614646884276,
        "nauc_map_at_3_diff1": 0.673047551815655,
        "nauc_map_at_3_max": 0.5049150742427441,
        "nauc_map_at_3_std": -0.10736730149596851,
        "nauc_map_at_5_diff1": 0.6777606692052608,
        "nauc_map_at_5_max": 0.506136942786193,
        "nauc_map_at_5_std": -0.10084385241668123,
        "nauc_mrr_at_1000_diff1": 0.6746779629109831,
        "nauc_mrr_at_1000_max": 0.49452978641053125,
        "nauc_mrr_at_1000_std": -0.12177763126260027,
        "nauc_mrr_at_100_diff1": 0.6747452061006873,
        "nauc_mrr_at_100_max": 0.49463426574358216,
        "nauc_mrr_at_100_std": -0.12154576284465038,
        "nauc_mrr_at_10_diff1": 0.6726173127339835,
        "nauc_mrr_at_10_max": 0.4977937273315925,
        "nauc_mrr_at_10_std": -0.116066647360962,
        "nauc_mrr_at_1_diff1": 0.6957386254651355,
        "nauc_mrr_at_1_max": 0.4617101322281715,
        "nauc_mrr_at_1_std": -0.2009247299613702,
        "nauc_mrr_at_20_diff1": 0.6746145257897155,
        "nauc_mrr_at_20_max": 0.4944858642079645,
        "nauc_mrr_at_20_std": -0.12266614646884276,
        "nauc_mrr_at_3_diff1": 0.673047551815655,
        "nauc_mrr_at_3_max": 0.5049150742427441,
        "nauc_mrr_at_3_std": -0.10736730149596851,
        "nauc_mrr_at_5_diff1": 0.6777606692052608,
        "nauc_mrr_at_5_max": 0.506136942786193,
        "nauc_mrr_at_5_std": -0.10084385241668123,
        "nauc_ndcg_at_1000_diff1": 0.6735802750339716,
        "nauc_ndcg_at_1000_max": 0.5014732824648023,
        "nauc_ndcg_at_1000_std": -0.1093448272005292,
        "nauc_ndcg_at_100_diff1": 0.6755674408290399,
        "nauc_ndcg_at_100_max": 0.5045081947732319,
        "nauc_ndcg_at_100_std": -0.10259139924583693,
        "nauc_ndcg_at_10_diff1": 0.6642162601142751,
        "nauc_ndcg_at_10_max": 0.517310211702848,
        "nauc_ndcg_at_10_std": -0.08420093202196083,
        "nauc_ndcg_at_1_diff1": 0.6957386254651355,
        "nauc_ndcg_at_1_max": 0.4617101322281715,
        "nauc_ndcg_at_1_std": -0.2009247299613702,
        "nauc_ndcg_at_20_diff1": 0.6744929336185708,
        "nauc_ndcg_at_20_max": 0.5032088325212519,
        "nauc_ndcg_at_20_std": -0.11190904345243056,
        "nauc_ndcg_at_3_diff1": 0.6692139516353801,
        "nauc_ndcg_at_3_max": 0.5319306660001663,
        "nauc_ndcg_at_3_std": -0.0635318649737072,
        "nauc_ndcg_at_5_diff1": 0.6792260856669767,
        "nauc_ndcg_at_5_max": 0.538895356790328,
        "nauc_ndcg_at_5_std": -0.04488817753899009,
        "nauc_precision_at_1000_diff1": 1.0,
        "nauc_precision_at_1000_max": 1.0,
        "nauc_precision_at_1000_std": 1.0,
        "nauc_precision_at_100_diff1": 1.0,
        "nauc_precision_at_100_max": 1.0,
        "nauc_precision_at_100_std": 1.0,
        "nauc_precision_at_10_diff1": 0.540782804313958,
        "nauc_precision_at_10_max": 0.7751366101981225,
        "nauc_precision_at_10_std": 0.31286219617088945,
        "nauc_precision_at_1_diff1": 0.6957386254651355,
        "nauc_precision_at_1_max": 0.4617101322281715,
        "nauc_precision_at_1_std": -0.2009247299613702,
        "nauc_precision_at_20_diff1": 0.7770948491598466,
        "nauc_precision_at_20_max": 0.6788652660644696,
        "nauc_precision_at_20_std": -0.07756234924682502,
        "nauc_precision_at_3_diff1": 0.6532896964961776,
        "nauc_precision_at_3_max": 0.6718744928321535,
        "nauc_precision_at_3_std": 0.15796884295401292,
        "nauc_precision_at_5_diff1": 0.7005830369021765,
        "nauc_precision_at_5_max": 0.8046759701789915,
        "nauc_precision_at_5_std": 0.39810536413333514,
        "nauc_recall_at_1000_diff1": NaN,
        "nauc_recall_at_1000_max": NaN,
        "nauc_recall_at_1000_std": NaN,
        "nauc_recall_at_100_diff1": 1.0,
        "nauc_recall_at_100_max": 1.0,
        "nauc_recall_at_100_std": 1.0,
        "nauc_recall_at_10_diff1": 0.5407828043139643,
        "nauc_recall_at_10_max": 0.7751366101981224,
        "nauc_recall_at_10_std": 0.31286219617088923,
        "nauc_recall_at_1_diff1": 0.6957386254651355,
        "nauc_recall_at_1_max": 0.4617101322281715,
        "nauc_recall_at_1_std": -0.2009247299613702,
        "nauc_recall_at_20_diff1": 0.7770948491598554,
        "nauc_recall_at_20_max": 0.6788652660644773,
        "nauc_recall_at_20_std": -0.07756234924683432,
        "nauc_recall_at_3_diff1": 0.6532896964961783,
        "nauc_recall_at_3_max": 0.6718744928321561,
        "nauc_recall_at_3_std": 0.1579688429540126,
        "nauc_recall_at_5_diff1": 0.7005830369021747,
        "nauc_recall_at_5_max": 0.8046759701789927,
        "nauc_recall_at_5_std": 0.3981053641333332,
        "ndcg_at_1": 0.71512,
        "ndcg_at_10": 0.84925,
        "ndcg_at_100": 0.85633,
        "ndcg_at_1000": 0.85711,
        "ndcg_at_20": 0.85517,
        "ndcg_at_3": 0.82274,
        "ndcg_at_5": 0.8395,
        "precision_at_1": 0.71512,
        "precision_at_10": 0.09651,
        "precision_at_100": 0.00994,
        "precision_at_1000": 0.001,
        "precision_at_20": 0.04942,
        "precision_at_3": 0.29845,
        "precision_at_5": 0.18721,
        "recall_at_1": 0.71512,
        "recall_at_10": 0.96512,
        "recall_at_100": 0.99419,
        "recall_at_1000": 1.0,
        "recall_at_20": 0.98837,
        "recall_at_3": 0.89535,
        "recall_at_5": 0.93605
      }
    ]
  },
  "task_name": "PublicHealthQA"
}