{
  "dataset_revision": "bb9466bac8153a0349341eb1b22e06409e78ef4e",
  "evaluation_time": 1146.5100479125977,
  "kg_co2_emissions": null,
  "mteb_version": "1.15.7",
  "scores": {
    "test": [
      {
        "hf_subset": "default",
        "languages": [
          "eng-Latn"
        ],
        "main_score": 0.69924,
        "map_at_1": 0.00203,
        "map_at_10": 0.01795,
        "map_at_100": 0.10383,
        "map_at_1000": 0.26394,
        "map_at_20": 0.03254,
        "map_at_3": 0.00612,
        "map_at_5": 0.00983,
        "mrr_at_1": 0.76,
        "mrr_at_10": 0.8650000000000001,
        "mrr_at_100": 0.8650000000000001,
        "mrr_at_1000": 0.8650000000000001,
        "mrr_at_20": 0.8650000000000001,
        "mrr_at_3": 0.8600000000000001,
        "mrr_at_5": 0.8650000000000001,
        "nauc_map_at_1000_diff1": -0.06732387092055131,
        "nauc_map_at_1000_max": 0.47015513491253563,
        "nauc_map_at_1000_std": 0.762894837963987,
        "nauc_map_at_100_diff1": -0.04629863639110026,
        "nauc_map_at_100_max": 0.39417627026119323,
        "nauc_map_at_100_std": 0.5774422236548047,
        "nauc_map_at_10_diff1": 0.14228053560476933,
        "nauc_map_at_10_max": 0.1572852023381157,
        "nauc_map_at_10_std": 0.14865614141190675,
        "nauc_map_at_1_diff1": 0.23922068030001692,
        "nauc_map_at_1_max": 0.19068366718569382,
        "nauc_map_at_1_std": 0.0594758252973355,
        "nauc_map_at_20_diff1": 0.10859594826526134,
        "nauc_map_at_20_max": 0.19889823629244863,
        "nauc_map_at_20_std": 0.2334536381294201,
        "nauc_map_at_3_diff1": 0.24452586660951545,
        "nauc_map_at_3_max": 0.18696724592056088,
        "nauc_map_at_3_std": 0.05626526637006548,
        "nauc_map_at_5_diff1": 0.22227383140434046,
        "nauc_map_at_5_max": 0.16114019065674962,
        "nauc_map_at_5_std": 0.07529574514823349,
        "nauc_mrr_at_1000_diff1": 0.3279712842329164,
        "nauc_mrr_at_1000_max": 0.6462946784669733,
        "nauc_mrr_at_1000_std": 0.44446132614173056,
        "nauc_mrr_at_100_diff1": 0.3279712842329164,
        "nauc_mrr_at_100_max": 0.6462946784669733,
        "nauc_mrr_at_100_std": 0.44446132614173056,
        "nauc_mrr_at_10_diff1": 0.3279712842329164,
        "nauc_mrr_at_10_max": 0.6462946784669733,
        "nauc_mrr_at_10_std": 0.44446132614173056,
        "nauc_mrr_at_1_diff1": 0.3359003201522885,
        "nauc_mrr_at_1_max": 0.629575149260189,
        "nauc_mrr_at_1_std": 0.3983732802630441,
        "nauc_mrr_at_20_diff1": 0.3279712842329164,
        "nauc_mrr_at_20_max": 0.6462946784669733,
        "nauc_mrr_at_20_std": 0.44446132614173056,
        "nauc_mrr_at_3_diff1": 0.31995036134024385,
        "nauc_mrr_at_3_max": 0.6550113146945026,
        "nauc_mrr_at_3_std": 0.46617757987201025,
        "nauc_mrr_at_5_diff1": 0.3279712842329164,
        "nauc_mrr_at_5_max": 0.6462946784669733,
        "nauc_mrr_at_5_std": 0.44446132614173056,
        "nauc_ndcg_at_1000_diff1": -0.03549791783190605,
        "nauc_ndcg_at_1000_max": 0.46477409817079635,
        "nauc_ndcg_at_1000_std": 0.7444619610428487,
        "nauc_ndcg_at_100_diff1": -0.1576566756538312,
        "nauc_ndcg_at_100_max": 0.42753683698402223,
        "nauc_ndcg_at_100_std": 0.7512252216097216,
        "nauc_ndcg_at_10_diff1": -0.09916664392470578,
        "nauc_ndcg_at_10_max": 0.4263070823347274,
        "nauc_ndcg_at_10_std": 0.5454260342643533,
        "nauc_ndcg_at_1_diff1": 0.14210291748088716,
        "nauc_ndcg_at_1_max": 0.44874695738626624,
        "nauc_ndcg_at_1_std": 0.3930714114299425,
        "nauc_ndcg_at_20_diff1": -0.1541886237721627,
        "nauc_ndcg_at_20_max": 0.40740920424153754,
        "nauc_ndcg_at_20_std": 0.638631354504692,
        "nauc_ndcg_at_3_diff1": 0.05128032879268484,
        "nauc_ndcg_at_3_max": 0.4891358164777753,
        "nauc_ndcg_at_3_std": 0.43714413443424693,
        "nauc_ndcg_at_5_diff1": 0.002192612247949423,
        "nauc_ndcg_at_5_max": 0.4505159618976468,
        "nauc_ndcg_at_5_std": 0.48081462800513086,
        "nauc_precision_at_1000_diff1": -0.017171082502357188,
        "nauc_precision_at_1000_max": 0.3719403164879176,
        "nauc_precision_at_1000_std": 0.5080083454828715,
        "nauc_precision_at_100_diff1": -0.15851311166653578,
        "nauc_precision_at_100_max": 0.43582683496553465,
        "nauc_precision_at_100_std": 0.7680822705628713,
        "nauc_precision_at_10_diff1": -0.06529270248596648,
        "nauc_precision_at_10_max": 0.4367869553595291,
        "nauc_precision_at_10_std": 0.5334509489441319,
        "nauc_precision_at_1_diff1": 0.3359003201522885,
        "nauc_precision_at_1_max": 0.629575149260189,
        "nauc_precision_at_1_std": 0.3983732802630441,
        "nauc_precision_at_20_diff1": -0.126380351299919,
        "nauc_precision_at_20_max": 0.4215872842024567,
        "nauc_precision_at_20_std": 0.6827266130909193,
        "nauc_precision_at_3_diff1": 0.1510753856180744,
        "nauc_precision_at_3_max": 0.6002824245057563,
        "nauc_precision_at_3_std": 0.4285248750814681,
        "nauc_precision_at_5_diff1": 0.14511963539688452,
        "nauc_precision_at_5_max": 0.46531206481833115,
        "nauc_precision_at_5_std": 0.43443473857450227,
        "nauc_recall_at_1000_diff1": -0.005553363784087542,
        "nauc_recall_at_1000_max": 0.3810628456149548,
        "nauc_recall_at_1000_std": 0.6202566132524855,
        "nauc_recall_at_100_diff1": 0.005455770849972568,
        "nauc_recall_at_100_max": 0.3041945852414387,
        "nauc_recall_at_100_std": 0.4417890789814978,
        "nauc_recall_at_10_diff1": 0.1226480302657463,
        "nauc_recall_at_10_max": 0.0920203294135781,
        "nauc_recall_at_10_std": 0.09717499312258772,
        "nauc_recall_at_1_diff1": 0.23922068030001692,
        "nauc_recall_at_1_max": 0.19068366718569382,
        "nauc_recall_at_1_std": 0.0594758252973355,
        "nauc_recall_at_20_diff1": 0.11937791551951339,
        "nauc_recall_at_20_max": 0.12343145109762509,
        "nauc_recall_at_20_std": 0.15620858656897116,
        "nauc_recall_at_3_diff1": 0.22198459926800443,
        "nauc_recall_at_3_max": 0.12631567589339188,
        "nauc_recall_at_3_std": 0.01729139320652765,
        "nauc_recall_at_5_diff1": 0.20647366526787075,
        "nauc_recall_at_5_max": 0.08479955338893055,
        "nauc_recall_at_5_std": 0.01882961169820949,
        "ndcg_at_1": 0.66,
        "ndcg_at_10": 0.69924,
        "ndcg_at_100": 0.55547,
        "ndcg_at_1000": 0.51747,
        "ndcg_at_20": 0.67451,
        "ndcg_at_3": 0.73765,
        "ndcg_at_5": 0.72182,
        "precision_at_1": 0.76,
        "precision_at_10": 0.76,
        "precision_at_100": 0.578,
        "precision_at_1000": 0.2326,
        "precision_at_20": 0.727,
        "precision_at_3": 0.83333,
        "precision_at_5": 0.812,
        "recall_at_1": 0.00203,
        "recall_at_10": 0.02003,
        "recall_at_100": 0.13853,
        "recall_at_1000": 0.49565,
        "recall_at_20": 0.03803,
        "recall_at_3": 0.00665,
        "recall_at_5": 0.01085
      }
    ]
  },
  "task_name": "TRECCOVID"
}