{
  "dataset_revision": "c22ab2a51041ffd869aaddef7af8d8215647e41a",
  "evaluation_time": 36.316452741622925,
  "kg_co2_emissions": null,
  "mteb_version": "1.15.7",
  "scores": {
    "test": [
      {
        "hf_subset": "default",
        "languages": [
          "eng-Latn"
        ],
        "main_score": 0.63947,
        "map_at_1": 0.40541,
        "map_at_10": 0.55915,
        "map_at_100": 0.56464,
        "map_at_1000": 0.56468,
        "map_at_20": 0.56356,
        "map_at_3": 0.51956,
        "map_at_5": 0.54239,
        "mrr_at_1": 0.4096728307254623,
        "mrr_at_10": 0.5610744202849475,
        "mrr_at_100": 0.5665708717234317,
        "mrr_at_1000": 0.5666022626978124,
        "mrr_at_20": 0.565485420572394,
        "mrr_at_3": 0.520270270270271,
        "mrr_at_5": 0.5439544807965879,
        "nauc_map_at_1000_diff1": 0.1961452406332032,
        "nauc_map_at_1000_max": -0.06678610760490372,
        "nauc_map_at_1000_std": -0.12814543337644077,
        "nauc_map_at_100_diff1": 0.1961919645456561,
        "nauc_map_at_100_max": -0.06672467595153354,
        "nauc_map_at_100_std": -0.128112390612453,
        "nauc_map_at_10_diff1": 0.1965598253834975,
        "nauc_map_at_10_max": -0.06396622923758041,
        "nauc_map_at_10_std": -0.1257550717781594,
        "nauc_map_at_1_diff1": 0.21046139350203755,
        "nauc_map_at_1_max": -0.09788174179971508,
        "nauc_map_at_1_std": -0.13781869158411433,
        "nauc_map_at_20_diff1": 0.19629197851405833,
        "nauc_map_at_20_max": -0.06574037262773916,
        "nauc_map_at_20_std": -0.1272847312683071,
        "nauc_map_at_3_diff1": 0.1916360491999715,
        "nauc_map_at_3_max": -0.06851782248968312,
        "nauc_map_at_3_std": -0.1331443286437472,
        "nauc_map_at_5_diff1": 0.1930368818794352,
        "nauc_map_at_5_max": -0.06656000814257891,
        "nauc_map_at_5_std": -0.13397009868050833,
        "nauc_mrr_at_1000_diff1": 0.17981841568906354,
        "nauc_mrr_at_1000_max": -0.07639497191141477,
        "nauc_mrr_at_1000_std": -0.12728944638024522,
        "nauc_mrr_at_100_diff1": 0.1798669044150559,
        "nauc_mrr_at_100_max": -0.07633249032760846,
        "nauc_mrr_at_100_std": -0.12725648434337664,
        "nauc_mrr_at_10_diff1": 0.18057449736106082,
        "nauc_mrr_at_10_max": -0.07337890374838582,
        "nauc_mrr_at_10_std": -0.12491081369303034,
        "nauc_mrr_at_1_diff1": 0.19896006479986203,
        "nauc_mrr_at_1_max": -0.09951099874024048,
        "nauc_mrr_at_1_std": -0.13348903280941046,
        "nauc_mrr_at_20_diff1": 0.1800473019655157,
        "nauc_mrr_at_20_max": -0.07529673044926463,
        "nauc_mrr_at_20_std": -0.12643160146845062,
        "nauc_mrr_at_3_diff1": 0.1691190924482122,
        "nauc_mrr_at_3_max": -0.08459294721233653,
        "nauc_mrr_at_3_std": -0.13351546112725324,
        "nauc_mrr_at_5_diff1": 0.17566015778561084,
        "nauc_mrr_at_5_max": -0.07743306874785441,
        "nauc_mrr_at_5_std": -0.1333823206710787,
        "nauc_ndcg_at_1000_diff1": 0.19611559800611036,
        "nauc_ndcg_at_1000_max": -0.05845518961346384,
        "nauc_ndcg_at_1000_std": -0.12230839939522126,
        "nauc_ndcg_at_100_diff1": 0.19722822992313377,
        "nauc_ndcg_at_100_max": -0.056918043959282176,
        "nauc_ndcg_at_100_std": -0.12160176411318606,
        "nauc_ndcg_at_10_diff1": 0.19893930295508086,
        "nauc_ndcg_at_10_max": -0.042047620164748896,
        "nauc_ndcg_at_10_std": -0.10980054882589864,
        "nauc_ndcg_at_1_diff1": 0.21046139350203755,
        "nauc_ndcg_at_1_max": -0.09788174179971508,
        "nauc_ndcg_at_1_std": -0.13781869158411433,
        "nauc_ndcg_at_20_diff1": 0.1989613078090906,
        "nauc_ndcg_at_20_max": -0.0480125208927422,
        "nauc_ndcg_at_20_std": -0.11381089250394946,
        "nauc_ndcg_at_3_diff1": 0.1868833708525642,
        "nauc_ndcg_at_3_max": -0.05608591180703599,
        "nauc_ndcg_at_3_std": -0.13099308329796652,
        "nauc_ndcg_at_5_diff1": 0.1897913794007267,
        "nauc_ndcg_at_5_max": -0.05056466989601685,
        "nauc_ndcg_at_5_std": -0.13248953928176124,
        "nauc_precision_at_1000_diff1": 0.11015092919478638,
        "nauc_precision_at_1000_max": 0.31077851886953717,
        "nauc_precision_at_1000_std": 0.529461127589046,
        "nauc_precision_at_100_diff1": 0.3892533663717083,
        "nauc_precision_at_100_max": 0.43616388434088027,
        "nauc_precision_at_100_std": 0.3192511176404273,
        "nauc_precision_at_10_diff1": 0.23172189622670109,
        "nauc_precision_at_10_max": 0.14844013341952453,
        "nauc_precision_at_10_std": 0.04278646239437199,
        "nauc_precision_at_1_diff1": 0.21046139350203755,
        "nauc_precision_at_1_max": -0.09788174179971508,
        "nauc_precision_at_1_std": -0.13781869158411433,
        "nauc_precision_at_20_diff1": 0.2873635872240747,
        "nauc_precision_at_20_max": 0.28384141119347134,
        "nauc_precision_at_20_std": 0.18182697828900576,
        "nauc_precision_at_3_diff1": 0.17132032413222878,
        "nauc_precision_at_3_max": -0.012774439360110872,
        "nauc_precision_at_3_std": -0.12344511576137268,
        "nauc_precision_at_5_diff1": 0.17794811373809155,
        "nauc_precision_at_5_max": 0.02131674451473548,
        "nauc_precision_at_5_std": -0.1262628624675963,
        "nauc_recall_at_1000_diff1": 0.1101509291947546,
        "nauc_recall_at_1000_max": 0.310778518869523,
        "nauc_recall_at_1000_std": 0.5294611275890008,
        "nauc_recall_at_100_diff1": 0.3892533663716902,
        "nauc_recall_at_100_max": 0.4361638843408641,
        "nauc_recall_at_100_std": 0.31925111764041514,
        "nauc_recall_at_10_diff1": 0.23172189622670133,
        "nauc_recall_at_10_max": 0.14844013341952542,
        "nauc_recall_at_10_std": 0.04278646239437167,
        "nauc_recall_at_1_diff1": 0.21046139350203755,
        "nauc_recall_at_1_max": -0.09788174179971508,
        "nauc_recall_at_1_std": -0.13781869158411433,
        "nauc_recall_at_20_diff1": 0.28736358722407374,
        "nauc_recall_at_20_max": 0.2838414111934697,
        "nauc_recall_at_20_std": 0.18182697828900204,
        "nauc_recall_at_3_diff1": 0.1713203241322292,
        "nauc_recall_at_3_max": -0.012774439360110513,
        "nauc_recall_at_3_std": -0.12344511576137253,
        "nauc_recall_at_5_diff1": 0.17794811373809225,
        "nauc_recall_at_5_max": 0.02131674451473688,
        "nauc_recall_at_5_std": -0.12626286246759527,
        "ndcg_at_1": 0.40541,
        "ndcg_at_10": 0.63947,
        "ndcg_at_100": 0.66236,
        "ndcg_at_1000": 0.66296,
        "ndcg_at_20": 0.65514,
        "ndcg_at_3": 0.55826,
        "ndcg_at_5": 0.59949,
        "precision_at_1": 0.40541,
        "precision_at_10": 0.08933,
        "precision_at_100": 0.00992,
        "precision_at_1000": 0.001,
        "precision_at_20": 0.04772,
        "precision_at_3": 0.22357,
        "precision_at_5": 0.1542,
        "recall_at_1": 0.40541,
        "recall_at_10": 0.89331,
        "recall_at_100": 0.99218,
        "recall_at_1000": 0.99644,
        "recall_at_20": 0.95448,
        "recall_at_3": 0.6707,
        "recall_at_5": 0.77098
      }
    ]
  },
  "task_name": "ArguAna"
}