{
  "dataset_revision": "ae763399273d8b20506b80cf6f6f9a31a6a2b238",
  "evaluation_time": 10.770957469940186,
  "kg_co2_emissions": null,
  "mteb_version": "1.15.7",
  "scores": {
    "test": [
      {
        "hf_subset": "default",
        "languages": [
          "eng-Latn"
        ],
        "main_score": 0.73116,
        "map_at_1": 0.5874,
        "map_at_10": 0.68474,
        "map_at_100": 0.6888,
        "map_at_1000": 0.68896,
        "map_at_20": 0.68747,
        "map_at_3": 0.66366,
        "map_at_5": 0.67669,
        "mrr_at_1": 0.58740234375,
        "mrr_at_10": 0.6847448924231136,
        "mrr_at_100": 0.6888012072266754,
        "mrr_at_1000": 0.6889642963839995,
        "mrr_at_20": 0.6874689651229529,
        "mrr_at_3": 0.6636555989583309,
        "mrr_at_5": 0.6766927083333317,
        "nauc_map_at_1000_diff1": 0.6646776328781048,
        "nauc_map_at_1000_max": 0.43026632070880516,
        "nauc_map_at_1000_std": -0.040299459607559374,
        "nauc_map_at_100_diff1": 0.6645599800384332,
        "nauc_map_at_100_max": 0.4304673547402482,
        "nauc_map_at_100_std": -0.040419950786136076,
        "nauc_map_at_10_diff1": 0.6622543204129262,
        "nauc_map_at_10_max": 0.42982771428666516,
        "nauc_map_at_10_std": -0.041773481780948085,
        "nauc_map_at_1_diff1": 0.716830889239664,
        "nauc_map_at_1_max": 0.41198521359133766,
        "nauc_map_at_1_std": -0.026712988368914444,
        "nauc_map_at_20_diff1": 0.6636221344580412,
        "nauc_map_at_20_max": 0.43122350323685776,
        "nauc_map_at_20_std": -0.04095152996215181,
        "nauc_map_at_3_diff1": 0.6652430571035836,
        "nauc_map_at_3_max": 0.42481028133949716,
        "nauc_map_at_3_std": -0.039053076647443875,
        "nauc_map_at_5_diff1": 0.6620353429733623,
        "nauc_map_at_5_max": 0.4264376405240802,
        "nauc_map_at_5_std": -0.041202235698193944,
        "nauc_mrr_at_1000_diff1": 0.6646918485002385,
        "nauc_mrr_at_1000_max": 0.4323033911344077,
        "nauc_mrr_at_1000_std": -0.037685591716113354,
        "nauc_mrr_at_100_diff1": 0.6645741608546042,
        "nauc_mrr_at_100_max": 0.43250304433554887,
        "nauc_mrr_at_100_std": -0.0378075316654155,
        "nauc_mrr_at_10_diff1": 0.6622543204129262,
        "nauc_mrr_at_10_max": 0.43180781616837227,
        "nauc_mrr_at_10_std": -0.03921351057357675,
        "nauc_mrr_at_1_diff1": 0.716830889239664,
        "nauc_mrr_at_1_max": 0.4143783995376477,
        "nauc_mrr_at_1_std": -0.02252111792676298,
        "nauc_mrr_at_20_diff1": 0.6636361201864629,
        "nauc_mrr_at_20_max": 0.4332487166170607,
        "nauc_mrr_at_20_std": -0.038353064863232686,
        "nauc_mrr_at_3_diff1": 0.6652430571035836,
        "nauc_mrr_at_3_max": 0.427094649039739,
        "nauc_mrr_at_3_std": -0.03661854457692178,
        "nauc_mrr_at_5_diff1": 0.6620353429733623,
        "nauc_mrr_at_5_max": 0.42882940360558747,
        "nauc_mrr_at_5_std": -0.03870994469539559,
        "nauc_ndcg_at_1000_diff1": 0.6537864772583514,
        "nauc_ndcg_at_1000_max": 0.43776201113530816,
        "nauc_ndcg_at_1000_std": -0.042867619826701904,
        "nauc_ndcg_at_100_diff1": 0.6500447708565926,
        "nauc_ndcg_at_100_max": 0.4438112796208477,
        "nauc_ndcg_at_100_std": -0.04402207117576505,
        "nauc_ndcg_at_10_diff1": 0.637712083968873,
        "nauc_ndcg_at_10_max": 0.44330188967834366,
        "nauc_ndcg_at_10_std": -0.05168795002549381,
        "nauc_ndcg_at_1_diff1": 0.716830889239664,
        "nauc_ndcg_at_1_max": 0.41198521359133766,
        "nauc_ndcg_at_1_std": -0.026712988368914444,
        "nauc_ndcg_at_20_diff1": 0.6425495125710061,
        "nauc_ndcg_at_20_max": 0.44952718410757797,
        "nauc_ndcg_at_20_std": -0.047906333900840634,
        "nauc_ndcg_at_3_diff1": 0.6467026497954036,
        "nauc_ndcg_at_3_max": 0.43058990467813885,
        "nauc_ndcg_at_3_std": -0.04484379875345438,
        "nauc_ndcg_at_5_diff1": 0.6390544756400508,
        "nauc_ndcg_at_5_max": 0.43406517100503605,
        "nauc_ndcg_at_5_std": -0.04950267919577078,
        "nauc_precision_at_1000_diff1": 0.35928321387058737,
        "nauc_precision_at_1000_max": 0.4477317668182345,
        "nauc_precision_at_1000_std": -0.016162717997759105,
        "nauc_precision_at_100_diff1": 0.4458201856838399,
        "nauc_precision_at_100_max": 0.7286978555031818,
        "nauc_precision_at_100_std": -0.0639766450389099,
        "nauc_precision_at_10_diff1": 0.48396505593702566,
        "nauc_precision_at_10_max": 0.5337888368976861,
        "nauc_precision_at_10_std": -0.11667688518869461,
        "nauc_precision_at_1_diff1": 0.716830889239664,
        "nauc_precision_at_1_max": 0.41198521359133766,
        "nauc_precision_at_1_std": -0.026712988368914444,
        "nauc_precision_at_20_diff1": 0.4682932203658303,
        "nauc_precision_at_20_max": 0.6318495557916092,
        "nauc_precision_at_20_std": -0.10245793485782309,
        "nauc_precision_at_3_diff1": 0.5791395262215298,
        "nauc_precision_at_3_max": 0.4521312701532634,
        "nauc_precision_at_3_std": -0.06650162007422843,
        "nauc_precision_at_5_diff1": 0.5359861451730251,
        "nauc_precision_at_5_max": 0.4689524242220891,
        "nauc_precision_at_5_std": -0.08788539694255887,
        "nauc_recall_at_1000_diff1": 0.35928321387066664,
        "nauc_recall_at_1000_max": 0.4477317668182984,
        "nauc_recall_at_1000_std": -0.016162717997705092,
        "nauc_recall_at_100_diff1": 0.445820185683838,
        "nauc_recall_at_100_max": 0.7286978555031757,
        "nauc_recall_at_100_std": -0.06397664503890654,
        "nauc_recall_at_10_diff1": 0.4839650559370263,
        "nauc_recall_at_10_max": 0.5337888368976877,
        "nauc_recall_at_10_std": -0.11667688518869418,
        "nauc_recall_at_1_diff1": 0.716830889239664,
        "nauc_recall_at_1_max": 0.41198521359133766,
        "nauc_recall_at_1_std": -0.026712988368914444,
        "nauc_recall_at_20_diff1": 0.4682932203658334,
        "nauc_recall_at_20_max": 0.6318495557916123,
        "nauc_recall_at_20_std": -0.10245793485782309,
        "nauc_recall_at_3_diff1": 0.5791395262215298,
        "nauc_recall_at_3_max": 0.45213127015326393,
        "nauc_recall_at_3_std": -0.06650162007422908,
        "nauc_recall_at_5_diff1": 0.5359861451730258,
        "nauc_recall_at_5_max": 0.46895242422209016,
        "nauc_recall_at_5_std": -0.08788539694255813,
        "ndcg_at_1": 0.5874,
        "ndcg_at_10": 0.73116,
        "ndcg_at_100": 0.75064,
        "ndcg_at_1000": 0.75464,
        "ndcg_at_20": 0.74096,
        "ndcg_at_3": 0.68847,
        "ndcg_at_5": 0.71198,
        "precision_at_1": 0.5874,
        "precision_at_10": 0.0876,
        "precision_at_100": 0.00967,
        "precision_at_1000": 0.001,
        "precision_at_20": 0.04573,
        "precision_at_3": 0.25342,
        "precision_at_5": 0.16348,
        "recall_at_1": 0.5874,
        "recall_at_10": 0.87598,
        "recall_at_100": 0.9668,
        "recall_at_1000": 0.99756,
        "recall_at_20": 0.91455,
        "recall_at_3": 0.76025,
        "recall_at_5": 0.81738
      }
    ]
  },
  "task_name": "MedicalQARetrieval"
}