{
  "dataset_revision": "ec0fa4fe99da2ff19ca1214b7966684033a58814",
  "evaluation_time": 22.70914101600647,
  "kg_co2_emissions": null,
  "mteb_version": "1.15.7",
  "scores": {
    "test": [
      {
        "hf_subset": "default",
        "languages": [
          "eng-Latn"
        ],
        "main_score": 0.37314,
        "map_at_1": 0.06909,
        "map_at_10": 0.14496,
        "map_at_100": 0.18271,
        "map_at_1000": 0.19798,
        "map_at_20": 0.16086,
        "map_at_3": 0.10828,
        "map_at_5": 0.12345,
        "mrr_at_1": 0.4984520123839009,
        "mrr_at_10": 0.581046980195587,
        "mrr_at_100": 0.5860095574601437,
        "mrr_at_1000": 0.5864873360936452,
        "mrr_at_20": 0.5838406384267315,
        "mrr_at_3": 0.5603715170278639,
        "mrr_at_5": 0.575077399380805,
        "nauc_map_at_1000_diff1": 0.2753336384314993,
        "nauc_map_at_1000_max": 0.2658233785229079,
        "nauc_map_at_1000_std": 0.20272894604792013,
        "nauc_map_at_100_diff1": 0.2943910387723099,
        "nauc_map_at_100_max": 0.2568515925918087,
        "nauc_map_at_100_std": 0.1674944235249673,
        "nauc_map_at_10_diff1": 0.3513790911624934,
        "nauc_map_at_10_max": 0.1931138920971022,
        "nauc_map_at_10_std": 0.05078382647261578,
        "nauc_map_at_1_diff1": 0.5204150733687786,
        "nauc_map_at_1_max": 0.08067026699319826,
        "nauc_map_at_1_std": -0.11701408464340339,
        "nauc_map_at_20_diff1": 0.3216232473522576,
        "nauc_map_at_20_max": 0.22399156110014196,
        "nauc_map_at_20_std": 0.09771256781794992,
        "nauc_map_at_3_diff1": 0.44812768844349754,
        "nauc_map_at_3_max": 0.13673268463997892,
        "nauc_map_at_3_std": -0.0437804403864929,
        "nauc_map_at_5_diff1": 0.4141671426273515,
        "nauc_map_at_5_max": 0.16536680409584817,
        "nauc_map_at_5_std": -0.013901795918132523,
        "nauc_mrr_at_1000_diff1": 0.344624951150467,
        "nauc_mrr_at_1000_max": 0.46537841830883986,
        "nauc_mrr_at_1000_std": 0.3347448211828073,
        "nauc_mrr_at_100_diff1": 0.34474631079260615,
        "nauc_mrr_at_100_max": 0.46589073405903225,
        "nauc_mrr_at_100_std": 0.33507456097684,
        "nauc_mrr_at_10_diff1": 0.34418203886503107,
        "nauc_mrr_at_10_max": 0.46600307354999293,
        "nauc_mrr_at_10_std": 0.3339598758111349,
        "nauc_mrr_at_1_diff1": 0.36752412518921485,
        "nauc_mrr_at_1_max": 0.41099340257500616,
        "nauc_mrr_at_1_std": 0.2832742305601118,
        "nauc_mrr_at_20_diff1": 0.3438762317897269,
        "nauc_mrr_at_20_max": 0.46557950655865366,
        "nauc_mrr_at_20_std": 0.3344742986200389,
        "nauc_mrr_at_3_diff1": 0.3481977054604139,
        "nauc_mrr_at_3_max": 0.4647002998507011,
        "nauc_mrr_at_3_std": 0.32203790985461817,
        "nauc_mrr_at_5_diff1": 0.3485377917405714,
        "nauc_mrr_at_5_max": 0.4585837757626757,
        "nauc_mrr_at_5_std": 0.33171001796348015,
        "nauc_ndcg_at_1000_diff1": 0.2501885275400632,
        "nauc_ndcg_at_1000_max": 0.42992923631745233,
        "nauc_ndcg_at_1000_std": 0.38352882901669183,
        "nauc_ndcg_at_100_diff1": 0.24981224525958323,
        "nauc_ndcg_at_100_max": 0.38611479518276176,
        "nauc_ndcg_at_100_std": 0.335007099810913,
        "nauc_ndcg_at_10_diff1": 0.2059844197436421,
        "nauc_ndcg_at_10_max": 0.3734278928398149,
        "nauc_ndcg_at_10_std": 0.32314962699422956,
        "nauc_ndcg_at_1_diff1": 0.3727703842905024,
        "nauc_ndcg_at_1_max": 0.39124159955077764,
        "nauc_ndcg_at_1_std": 0.27448972142206696,
        "nauc_ndcg_at_20_diff1": 0.22462015322447548,
        "nauc_ndcg_at_20_max": 0.3671187003174943,
        "nauc_ndcg_at_20_std": 0.3185824952971954,
        "nauc_ndcg_at_3_diff1": 0.23716693152826754,
        "nauc_ndcg_at_3_max": 0.41757171943584315,
        "nauc_ndcg_at_3_std": 0.2782757935384714,
        "nauc_ndcg_at_5_diff1": 0.2210808349635366,
        "nauc_ndcg_at_5_max": 0.4076210961498489,
        "nauc_ndcg_at_5_std": 0.29471832324033315,
        "nauc_precision_at_1000_diff1": -0.217488380710465,
        "nauc_precision_at_1000_max": 0.08022550259920874,
        "nauc_precision_at_1000_std": 0.34771117726460715,
        "nauc_precision_at_100_diff1": -0.17275023403859138,
        "nauc_precision_at_100_max": 0.21551495709659274,
        "nauc_precision_at_100_std": 0.46508969788962706,
        "nauc_precision_at_10_diff1": -0.07204800094998216,
        "nauc_precision_at_10_max": 0.35269610222378645,
        "nauc_precision_at_10_std": 0.42287217789847287,
        "nauc_precision_at_1_diff1": 0.36752412518921485,
        "nauc_precision_at_1_max": 0.41099340257500616,
        "nauc_precision_at_1_std": 0.2832742305601118,
        "nauc_precision_at_20_diff1": -0.10659346477359652,
        "nauc_precision_at_20_max": 0.32067988588839963,
        "nauc_precision_at_20_std": 0.43483214995751257,
        "nauc_precision_at_3_diff1": 0.09718272722738527,
        "nauc_precision_at_3_max": 0.4353691071477968,
        "nauc_precision_at_3_std": 0.32771374538930814,
        "nauc_precision_at_5_diff1": 0.023862162627727602,
        "nauc_precision_at_5_max": 0.40470017912823325,
        "nauc_precision_at_5_std": 0.36577755035029097,
        "nauc_recall_at_1000_diff1": 0.12270088807360645,
        "nauc_recall_at_1000_max": 0.21981100388596134,
        "nauc_recall_at_1000_std": 0.31212671287412386,
        "nauc_recall_at_100_diff1": 0.2173050714110643,
        "nauc_recall_at_100_max": 0.29042019447115097,
        "nauc_recall_at_100_std": 0.28396979989606985,
        "nauc_recall_at_10_diff1": 0.3130511523460483,
        "nauc_recall_at_10_max": 0.18123697205328834,
        "nauc_recall_at_10_std": 0.08432110544588522,
        "nauc_recall_at_1_diff1": 0.5204150733687786,
        "nauc_recall_at_1_max": 0.08067026699319826,
        "nauc_recall_at_1_std": -0.11701408464340339,
        "nauc_recall_at_20_diff1": 0.26684073882801357,
        "nauc_recall_at_20_max": 0.2242458441216311,
        "nauc_recall_at_20_std": 0.1470281485923712,
        "nauc_recall_at_3_diff1": 0.43201163925880404,
        "nauc_recall_at_3_max": 0.1408457827790831,
        "nauc_recall_at_3_std": -0.03391031963666045,
        "nauc_recall_at_5_diff1": 0.39384489422993096,
        "nauc_recall_at_5_max": 0.15988718245350889,
        "nauc_recall_at_5_std": -0.006457905990807346,
        "ndcg_at_1": 0.47678,
        "ndcg_at_10": 0.37314,
        "ndcg_at_100": 0.33946,
        "ndcg_at_1000": 0.4307,
        "ndcg_at_20": 0.34701,
        "ndcg_at_3": 0.42713,
        "ndcg_at_5": 0.40316,
        "precision_at_1": 0.49845,
        "precision_at_10": 0.27709,
        "precision_at_100": 0.08523,
        "precision_at_1000": 0.02161,
        "precision_at_20": 0.20263,
        "precision_at_3": 0.39835,
        "precision_at_5": 0.34675,
        "recall_at_1": 0.06909,
        "recall_at_10": 0.17945,
        "recall_at_100": 0.32963,
        "recall_at_1000": 0.66335,
        "recall_at_20": 0.21893,
        "recall_at_3": 0.1158,
        "recall_at_5": 0.13958
      }
    ]
  },
  "task_name": "NFCorpus"
}