{
  "dataset_revision": "main",
  "evaluation_time": 1.2088356018066406,
  "kg_co2_emissions": null,
  "mteb_version": "1.15.7",
  "scores": {
    "test": [
      {
        "hf_subset": "english",
        "languages": [
          "eng-Latn"
        ],
        "main_score": 0.82773,
        "map_at_1": 0.70349,
        "map_at_10": 0.78749,
        "map_at_100": 0.78946,
        "map_at_1000": 0.7895,
        "map_at_20": 0.78873,
        "map_at_3": 0.76647,
        "map_at_5": 0.78043,
        "mrr_at_1": 0.7034883720930233,
        "mrr_at_10": 0.7874907715023993,
        "mrr_at_100": 0.789453559584069,
        "mrr_at_1000": 0.7894972735200719,
        "mrr_at_20": 0.7887325472824789,
        "mrr_at_3": 0.7664728682170542,
        "mrr_at_5": 0.780426356589147,
        "nauc_map_at_1000_diff1": 0.6106732059583456,
        "nauc_map_at_1000_max": 0.41044585898700314,
        "nauc_map_at_1000_std": -0.0366885009430161,
        "nauc_map_at_100_diff1": 0.6104023688701897,
        "nauc_map_at_100_max": 0.4105822568782881,
        "nauc_map_at_100_std": -0.03644865507371942,
        "nauc_map_at_10_diff1": 0.6109093760504296,
        "nauc_map_at_10_max": 0.413278305630677,
        "nauc_map_at_10_std": -0.04005837296404812,
        "nauc_map_at_1_diff1": 0.6376796777535888,
        "nauc_map_at_1_max": 0.353517462905932,
        "nauc_map_at_1_std": -0.023080924117847054,
        "nauc_map_at_20_diff1": 0.6089160340842,
        "nauc_map_at_20_max": 0.4120445655344989,
        "nauc_map_at_20_std": -0.0327032765743103,
        "nauc_map_at_3_diff1": 0.6153618089990057,
        "nauc_map_at_3_max": 0.4168943721295438,
        "nauc_map_at_3_std": -0.07541054465557943,
        "nauc_map_at_5_diff1": 0.6115176003667666,
        "nauc_map_at_5_max": 0.41767769405154187,
        "nauc_map_at_5_std": -0.04676772821520505,
        "nauc_mrr_at_1000_diff1": 0.6106744326522691,
        "nauc_mrr_at_1000_max": 0.4104532889576661,
        "nauc_mrr_at_1000_std": -0.03667543587466516,
        "nauc_mrr_at_100_diff1": 0.6104015628218987,
        "nauc_mrr_at_100_max": 0.41059070869457487,
        "nauc_mrr_at_100_std": -0.03643379316342766,
        "nauc_mrr_at_10_diff1": 0.6109093760504296,
        "nauc_mrr_at_10_max": 0.413278305630677,
        "nauc_mrr_at_10_std": -0.04005837296404812,
        "nauc_mrr_at_1_diff1": 0.6376796777535888,
        "nauc_mrr_at_1_max": 0.353517462905932,
        "nauc_mrr_at_1_std": -0.023080924117847054,
        "nauc_mrr_at_20_diff1": 0.6089160340842,
        "nauc_mrr_at_20_max": 0.4120445655344989,
        "nauc_mrr_at_20_std": -0.0327032765743103,
        "nauc_mrr_at_3_diff1": 0.6153618089990057,
        "nauc_mrr_at_3_max": 0.4168943721295438,
        "nauc_mrr_at_3_std": -0.07541054465557943,
        "nauc_mrr_at_5_diff1": 0.6115176003667666,
        "nauc_mrr_at_5_max": 0.41767769405154187,
        "nauc_mrr_at_5_std": -0.04676772821520505,
        "nauc_ndcg_at_1000_diff1": 0.6030283973410671,
        "nauc_ndcg_at_1000_max": 0.41989828577625476,
        "nauc_ndcg_at_1000_std": -0.028865633472637688,
        "nauc_ndcg_at_100_diff1": 0.5964880965162042,
        "nauc_ndcg_at_100_max": 0.42316058005490864,
        "nauc_ndcg_at_100_std": -0.023079643899978214,
        "nauc_ndcg_at_10_diff1": 0.5963463357695363,
        "nauc_ndcg_at_10_max": 0.4380143424351786,
        "nauc_ndcg_at_10_std": -0.027299487395140272,
        "nauc_ndcg_at_1_diff1": 0.6376796777535888,
        "nauc_ndcg_at_1_max": 0.353517462905932,
        "nauc_ndcg_at_1_std": -0.023080924117847054,
        "nauc_ndcg_at_20_diff1": 0.5869841459833419,
        "nauc_ndcg_at_20_max": 0.43250343812145486,
        "nauc_ndcg_at_20_std": 0.006038191909320785,
        "nauc_ndcg_at_3_diff1": 0.6060829945176381,
        "nauc_ndcg_at_3_max": 0.44267314212954556,
        "nauc_ndcg_at_3_std": -0.09702195018782725,
        "nauc_ndcg_at_5_diff1": 0.598351630795731,
        "nauc_ndcg_at_5_max": 0.44725954533843615,
        "nauc_ndcg_at_5_std": -0.04331396307368262,
        "nauc_precision_at_1000_diff1": 1.0,
        "nauc_precision_at_1000_max": 1.0,
        "nauc_precision_at_1000_std": 1.0,
        "nauc_precision_at_100_diff1": -0.559968989151172,
        "nauc_precision_at_100_max": 1.0,
        "nauc_precision_at_100_std": 1.0,
        "nauc_precision_at_10_diff1": 0.4250414247820611,
        "nauc_precision_at_10_max": 0.7176364390988491,
        "nauc_precision_at_10_std": 0.1591906669073719,
        "nauc_precision_at_1_diff1": 0.6376796777535888,
        "nauc_precision_at_1_max": 0.353517462905932,
        "nauc_precision_at_1_std": -0.023080924117847054,
        "nauc_precision_at_20_diff1": 0.13228639350329546,
        "nauc_precision_at_20_max": 0.765834256468415,
        "nauc_precision_at_20_std": 0.9477798861480081,
        "nauc_precision_at_3_diff1": 0.5687189708698227,
        "nauc_precision_at_3_max": 0.5462448915822157,
        "nauc_precision_at_3_std": -0.18398739416417662,
        "nauc_precision_at_5_diff1": 0.5223615493357228,
        "nauc_precision_at_5_max": 0.6174051786625848,
        "nauc_precision_at_5_std": -0.01137916501267555,
        "nauc_recall_at_1000_diff1": NaN,
        "nauc_recall_at_1000_max": NaN,
        "nauc_recall_at_1000_std": NaN,
        "nauc_recall_at_100_diff1": -0.559968989151095,
        "nauc_recall_at_100_max": 1.0,
        "nauc_recall_at_100_std": 1.0,
        "nauc_recall_at_10_diff1": 0.4250414247820643,
        "nauc_recall_at_10_max": 0.7176364390988493,
        "nauc_recall_at_10_std": 0.15919066690737602,
        "nauc_recall_at_1_diff1": 0.6376796777535888,
        "nauc_recall_at_1_max": 0.353517462905932,
        "nauc_recall_at_1_std": -0.023080924117847054,
        "nauc_recall_at_20_diff1": 0.13228639350329574,
        "nauc_recall_at_20_max": 0.7658342564684189,
        "nauc_recall_at_20_std": 0.9477798861480058,
        "nauc_recall_at_3_diff1": 0.5687189708698231,
        "nauc_recall_at_3_max": 0.5462448915822166,
        "nauc_recall_at_3_std": -0.18398739416417623,
        "nauc_recall_at_5_diff1": 0.5223615493357227,
        "nauc_recall_at_5_max": 0.617405178662585,
        "nauc_recall_at_5_std": -0.011379165012676221,
        "ndcg_at_1": 0.70349,
        "ndcg_at_10": 0.82773,
        "ndcg_at_100": 0.83676,
        "ndcg_at_1000": 0.83758,
        "ndcg_at_20": 0.83218,
        "ndcg_at_3": 0.7862,
        "ndcg_at_5": 0.81073,
        "precision_at_1": 0.70349,
        "precision_at_10": 0.09535,
        "precision_at_100": 0.00994,
        "precision_at_1000": 0.001,
        "precision_at_20": 0.04855,
        "precision_at_3": 0.28101,
        "precision_at_5": 0.18023,
        "recall_at_1": 0.70349,
        "recall_at_10": 0.95349,
        "recall_at_100": 0.99419,
        "recall_at_1000": 1.0,
        "recall_at_20": 0.97093,
        "recall_at_3": 0.84302,
        "recall_at_5": 0.90116
      }
    ]
  },
  "task_name": "PublicHealthQA"
}