{
  "dataset_revision": "bb9466bac8153a0349341eb1b22e06409e78ef4e",
  "evaluation_time": 718.5037660598755,
  "kg_co2_emissions": null,
  "mteb_version": "1.15.7",
  "scores": {
    "test": [
      {
        "hf_subset": "default",
        "languages": [
          "eng-Latn"
        ],
        "main_score": 0.72931,
        "map_at_1": 0.00213,
        "map_at_10": 0.01878,
        "map_at_100": 0.1109,
        "map_at_1000": 0.27088,
        "map_at_20": 0.03406,
        "map_at_3": 0.00605,
        "map_at_5": 0.00969,
        "mrr_at_1": 0.76,
        "mrr_at_10": 0.8733333333333334,
        "mrr_at_100": 0.8733333333333334,
        "mrr_at_1000": 0.8733333333333334,
        "mrr_at_20": 0.8733333333333334,
        "mrr_at_3": 0.87,
        "mrr_at_5": 0.87,
        "nauc_map_at_1000_diff1": -0.07637811960796138,
        "nauc_map_at_1000_max": 0.41062171512387463,
        "nauc_map_at_1000_std": 0.7399032787756046,
        "nauc_map_at_100_diff1": 0.09861917921113388,
        "nauc_map_at_100_max": 0.44730514493639595,
        "nauc_map_at_100_std": 0.4938143468348532,
        "nauc_map_at_10_diff1": 0.38114921937923074,
        "nauc_map_at_10_max": 0.36274065093840807,
        "nauc_map_at_10_std": 0.17204182302723334,
        "nauc_map_at_1_diff1": 0.3435802885009248,
        "nauc_map_at_1_max": 0.2325426035333479,
        "nauc_map_at_1_std": 0.013161873061078543,
        "nauc_map_at_20_diff1": 0.2825071134929081,
        "nauc_map_at_20_max": 0.34656318408464737,
        "nauc_map_at_20_std": 0.22652531688484034,
        "nauc_map_at_3_diff1": 0.4104949444555104,
        "nauc_map_at_3_max": 0.3148478981580374,
        "nauc_map_at_3_std": 0.12827210199889366,
        "nauc_map_at_5_diff1": 0.3808220794451413,
        "nauc_map_at_5_max": 0.34642842614453995,
        "nauc_map_at_5_std": 0.1306122712804062,
        "nauc_mrr_at_1000_diff1": 0.2758264743433022,
        "nauc_mrr_at_1000_max": 0.49755521147420784,
        "nauc_mrr_at_1000_std": 0.3263113574009179,
        "nauc_mrr_at_100_diff1": 0.2758264743433022,
        "nauc_mrr_at_100_max": 0.49755521147420784,
        "nauc_mrr_at_100_std": 0.3263113574009179,
        "nauc_mrr_at_10_diff1": 0.2758264743433022,
        "nauc_mrr_at_10_max": 0.49755521147420784,
        "nauc_mrr_at_10_std": 0.3263113574009179,
        "nauc_mrr_at_1_diff1": 0.285281647486372,
        "nauc_mrr_at_1_max": 0.4665138011594709,
        "nauc_mrr_at_1_std": 0.32434887946698976,
        "nauc_mrr_at_20_diff1": 0.2758264743433022,
        "nauc_mrr_at_20_max": 0.49755521147420784,
        "nauc_mrr_at_20_std": 0.3263113574009179,
        "nauc_mrr_at_3_diff1": 0.2714998416217915,
        "nauc_mrr_at_3_max": 0.5117595818815336,
        "nauc_mrr_at_3_std": 0.3272093759898641,
        "nauc_mrr_at_5_diff1": 0.2714998416217915,
        "nauc_mrr_at_5_max": 0.5117595818815336,
        "nauc_mrr_at_5_std": 0.3272093759898641,
        "nauc_ndcg_at_1000_diff1": 0.0016238425884354776,
        "nauc_ndcg_at_1000_max": 0.38183985767615974,
        "nauc_ndcg_at_1000_std": 0.7291417660092947,
        "nauc_ndcg_at_100_diff1": 0.002610893444146338,
        "nauc_ndcg_at_100_max": 0.34754468531264304,
        "nauc_ndcg_at_100_std": 0.7109077509033291,
        "nauc_ndcg_at_10_diff1": 0.19612241198273173,
        "nauc_ndcg_at_10_max": 0.3695850670771222,
        "nauc_ndcg_at_10_std": 0.5571292965879823,
        "nauc_ndcg_at_1_diff1": 0.20554841080286618,
        "nauc_ndcg_at_1_max": 0.3226345765203014,
        "nauc_ndcg_at_1_std": 0.3877089840161679,
        "nauc_ndcg_at_20_diff1": 0.0753714167350899,
        "nauc_ndcg_at_20_max": 0.34798545665635544,
        "nauc_ndcg_at_20_std": 0.5853796880279819,
        "nauc_ndcg_at_3_diff1": 0.16196085375754513,
        "nauc_ndcg_at_3_max": 0.36023843832041824,
        "nauc_ndcg_at_3_std": 0.5081700602797606,
        "nauc_ndcg_at_5_diff1": 0.1819210361547866,
        "nauc_ndcg_at_5_max": 0.36267268437492567,
        "nauc_ndcg_at_5_std": 0.49693989318467413,
        "nauc_precision_at_1000_diff1": -0.15084566399126145,
        "nauc_precision_at_1000_max": 0.12721016968111187,
        "nauc_precision_at_1000_std": 0.49932107815990434,
        "nauc_precision_at_100_diff1": -0.0768594548382605,
        "nauc_precision_at_100_max": 0.36011520141786385,
        "nauc_precision_at_100_std": 0.6987823755463981,
        "nauc_precision_at_10_diff1": 0.15272727272727196,
        "nauc_precision_at_10_max": 0.5114285714285705,
        "nauc_precision_at_10_std": 0.6130957414678342,
        "nauc_precision_at_1_diff1": 0.285281647486372,
        "nauc_precision_at_1_max": 0.4665138011594709,
        "nauc_precision_at_1_std": 0.32434887946698976,
        "nauc_precision_at_20_diff1": -0.015839476897431565,
        "nauc_precision_at_20_max": 0.4144314550481797,
        "nauc_precision_at_20_std": 0.5986983948304873,
        "nauc_precision_at_3_diff1": 0.16220757163467667,
        "nauc_precision_at_3_max": 0.48892379056558977,
        "nauc_precision_at_3_std": 0.6150263893200866,
        "nauc_precision_at_5_diff1": 0.20148418769265805,
        "nauc_precision_at_5_max": 0.47466605776915144,
        "nauc_precision_at_5_std": 0.5304372645279137,
        "nauc_recall_at_1000_diff1": -0.009255929026882805,
        "nauc_recall_at_1000_max": 0.31760808027451765,
        "nauc_recall_at_1000_std": 0.5948855870364127,
        "nauc_recall_at_100_diff1": 0.12982304766760713,
        "nauc_recall_at_100_max": 0.35977515048449693,
        "nauc_recall_at_100_std": 0.32631086504565415,
        "nauc_recall_at_10_diff1": 0.3625906265060518,
        "nauc_recall_at_10_max": 0.31269879996129724,
        "nauc_recall_at_10_std": 0.10191061006660583,
        "nauc_recall_at_1_diff1": 0.3435802885009248,
        "nauc_recall_at_1_max": 0.2325426035333479,
        "nauc_recall_at_1_std": 0.013161873061078543,
        "nauc_recall_at_20_diff1": 0.2642609468813814,
        "nauc_recall_at_20_max": 0.26552124588254433,
        "nauc_recall_at_20_std": 0.12478312937959211,
        "nauc_recall_at_3_diff1": 0.3850144495419559,
        "nauc_recall_at_3_max": 0.29110553602520667,
        "nauc_recall_at_3_std": 0.0999905859919932,
        "nauc_recall_at_5_diff1": 0.36554094273146437,
        "nauc_recall_at_5_max": 0.307009350289599,
        "nauc_recall_at_5_std": 0.0774378622170432,
        "ndcg_at_1": 0.7,
        "ndcg_at_10": 0.72931,
        "ndcg_at_100": 0.57811,
        "ndcg_at_1000": 0.53194,
        "ndcg_at_20": 0.71023,
        "ndcg_at_3": 0.7443,
        "ndcg_at_5": 0.73422,
        "precision_at_1": 0.76,
        "precision_at_10": 0.79,
        "precision_at_100": 0.5946,
        "precision_at_1000": 0.23332,
        "precision_at_20": 0.76,
        "precision_at_3": 0.79333,
        "precision_at_5": 0.792,
        "recall_at_1": 0.00213,
        "recall_at_10": 0.02116,
        "recall_at_100": 0.14617,
        "recall_at_1000": 0.50499,
        "recall_at_20": 0.03986,
        "recall_at_3": 0.00648,
        "recall_at_5": 0.01058
      }
    ]
  },
  "task_name": "TRECCOVID"
}