{
  "dataset_revision": "c22ab2a51041ffd869aaddef7af8d8215647e41a",
  "evaluation_time": 15.901769638061523,
  "kg_co2_emissions": null,
  "mteb_version": "1.15.7",
  "scores": {
    "test": [
      {
        "hf_subset": "default",
        "languages": [
          "eng-Latn"
        ],
        "main_score": 0.6157,
        "map_at_1": 0.37909,
        "map_at_10": 0.53378,
        "map_at_100": 0.54008,
        "map_at_1000": 0.54014,
        "map_at_20": 0.53875,
        "map_at_3": 0.49099,
        "map_at_5": 0.51724,
        "mrr_at_1": 0.38264580369843526,
        "mrr_at_10": 0.5351551739709645,
        "mrr_at_100": 0.5414572523913302,
        "mrr_at_1000": 0.5415113683333133,
        "mrr_at_20": 0.5401595206487675,
        "mrr_at_3": 0.4926505452821246,
        "mrr_at_5": 0.5186107159791381,
        "nauc_map_at_1000_diff1": 0.12655584430244515,
        "nauc_map_at_1000_max": -0.07972879217603925,
        "nauc_map_at_1000_std": -0.06181113360514117,
        "nauc_map_at_100_diff1": 0.12653893119618273,
        "nauc_map_at_100_max": -0.07967960749909532,
        "nauc_map_at_100_std": -0.06170598036273265,
        "nauc_map_at_10_diff1": 0.12435992830845254,
        "nauc_map_at_10_max": -0.07947483135759445,
        "nauc_map_at_10_std": -0.05998901640920664,
        "nauc_map_at_1_diff1": 0.15708646858255337,
        "nauc_map_at_1_max": -0.10798872397986198,
        "nauc_map_at_1_std": -0.09731434474914888,
        "nauc_map_at_20_diff1": 0.12641800601898812,
        "nauc_map_at_20_max": -0.0795312726638008,
        "nauc_map_at_20_std": -0.06063822356768802,
        "nauc_map_at_3_diff1": 0.11949435812682177,
        "nauc_map_at_3_max": -0.08522395841996633,
        "nauc_map_at_3_std": -0.07044093716607763,
        "nauc_map_at_5_diff1": 0.1225324610670355,
        "nauc_map_at_5_max": -0.07801305765092525,
        "nauc_map_at_5_std": -0.06411190087283547,
        "nauc_mrr_at_1000_diff1": 0.11337962881044825,
        "nauc_mrr_at_1000_max": -0.08496988131692404,
        "nauc_mrr_at_1000_std": -0.05850379422693698,
        "nauc_mrr_at_100_diff1": 0.11336516215929028,
        "nauc_mrr_at_100_max": -0.08491977570098336,
        "nauc_mrr_at_100_std": -0.05839936003220251,
        "nauc_mrr_at_10_diff1": 0.1115472868876931,
        "nauc_mrr_at_10_max": -0.08452931711680942,
        "nauc_mrr_at_10_std": -0.056730247088991034,
        "nauc_mrr_at_1_diff1": 0.14693476121231305,
        "nauc_mrr_at_1_max": -0.10541442882696818,
        "nauc_mrr_at_1_std": -0.08885538117361845,
        "nauc_mrr_at_20_diff1": 0.11322515491143781,
        "nauc_mrr_at_20_max": -0.0848064219577326,
        "nauc_mrr_at_20_std": -0.05747160184150084,
        "nauc_mrr_at_3_diff1": 0.10459790845503993,
        "nauc_mrr_at_3_max": -0.09165540545807864,
        "nauc_mrr_at_3_std": -0.06693801524147719,
        "nauc_mrr_at_5_diff1": 0.11050532039523221,
        "nauc_mrr_at_5_max": -0.08264195159814929,
        "nauc_mrr_at_5_std": -0.06121016870846759,
        "nauc_ndcg_at_1000_diff1": 0.12435530368000883,
        "nauc_ndcg_at_1000_max": -0.07280011166719745,
        "nauc_ndcg_at_1000_std": -0.05278376592251982,
        "nauc_ndcg_at_100_diff1": 0.12389246942024018,
        "nauc_ndcg_at_100_max": -0.07142536197821957,
        "nauc_ndcg_at_100_std": -0.049842634333321346,
        "nauc_ndcg_at_10_diff1": 0.11688886141223155,
        "nauc_ndcg_at_10_max": -0.06721239476341795,
        "nauc_ndcg_at_10_std": -0.03990766747370619,
        "nauc_ndcg_at_1_diff1": 0.15708646858255337,
        "nauc_ndcg_at_1_max": -0.10798872397986198,
        "nauc_ndcg_at_1_std": -0.09731434474914888,
        "nauc_ndcg_at_20_diff1": 0.12447287423080683,
        "nauc_ndcg_at_20_max": -0.06825083565772312,
        "nauc_ndcg_at_20_std": -0.041819865458994486,
        "nauc_ndcg_at_3_diff1": 0.10852775838044397,
        "nauc_ndcg_at_3_max": -0.07891081049940124,
        "nauc_ndcg_at_3_std": -0.06389839953313475,
        "nauc_ndcg_at_5_diff1": 0.11279784322128276,
        "nauc_ndcg_at_5_max": -0.0644056309562606,
        "nauc_ndcg_at_5_std": -0.05227390173558519,
        "nauc_precision_at_1000_diff1": 0.161495781371987,
        "nauc_precision_at_1000_max": 0.39995738985755197,
        "nauc_precision_at_1000_std": 0.5085543617206306,
        "nauc_precision_at_100_diff1": 0.05915601547078127,
        "nauc_precision_at_100_max": 0.2603608801637909,
        "nauc_precision_at_100_std": 0.5470480941746274,
        "nauc_precision_at_10_diff1": 0.07001835875439316,
        "nauc_precision_at_10_max": 0.021357760357779768,
        "nauc_precision_at_10_std": 0.11516009853432554,
        "nauc_precision_at_1_diff1": 0.15708646858255337,
        "nauc_precision_at_1_max": -0.10798872397986198,
        "nauc_precision_at_1_std": -0.09731434474914888,
        "nauc_precision_at_20_diff1": 0.13681914368809867,
        "nauc_precision_at_20_max": 0.09479991446859015,
        "nauc_precision_at_20_std": 0.26376943655091645,
        "nauc_precision_at_3_diff1": 0.07325939191487268,
        "nauc_precision_at_3_max": -0.058745010640358586,
        "nauc_precision_at_3_std": -0.043400264683557815,
        "nauc_precision_at_5_diff1": 0.07383019735342397,
        "nauc_precision_at_5_max": -0.005758672788087532,
        "nauc_precision_at_5_std": -0.003247880327348163,
        "nauc_recall_at_1000_diff1": 0.16149578137193416,
        "nauc_recall_at_1000_max": 0.39995738985748247,
        "nauc_recall_at_1000_std": 0.5085543617205994,
        "nauc_recall_at_100_diff1": 0.05915601547077784,
        "nauc_recall_at_100_max": 0.2603608801637899,
        "nauc_recall_at_100_std": 0.5470480941746109,
        "nauc_recall_at_10_diff1": 0.07001835875439445,
        "nauc_recall_at_10_max": 0.02135776035778082,
        "nauc_recall_at_10_std": 0.1151600985343249,
        "nauc_recall_at_1_diff1": 0.15708646858255337,
        "nauc_recall_at_1_max": -0.10798872397986198,
        "nauc_recall_at_1_std": -0.09731434474914888,
        "nauc_recall_at_20_diff1": 0.1368191436880958,
        "nauc_recall_at_20_max": 0.09479991446859197,
        "nauc_recall_at_20_std": 0.2637694365509119,
        "nauc_recall_at_3_diff1": 0.07325939191487281,
        "nauc_recall_at_3_max": -0.05874501064035827,
        "nauc_recall_at_3_std": -0.04340026468355782,
        "nauc_recall_at_5_diff1": 0.07383019735342311,
        "nauc_recall_at_5_max": -0.00575867278808783,
        "nauc_recall_at_5_std": -0.0032478803273490514,
        "ndcg_at_1": 0.37909,
        "ndcg_at_10": 0.6157,
        "ndcg_at_100": 0.64195,
        "ndcg_at_1000": 0.6431,
        "ndcg_at_20": 0.63348,
        "ndcg_at_3": 0.52882,
        "ndcg_at_5": 0.57605,
        "precision_at_1": 0.37909,
        "precision_at_10": 0.08748,
        "precision_at_100": 0.00988,
        "precision_at_1000": 0.001,
        "precision_at_20": 0.04723,
        "precision_at_3": 0.2129,
        "precision_at_5": 0.15064,
        "recall_at_1": 0.37909,
        "recall_at_10": 0.87482,
        "recall_at_100": 0.98791,
        "recall_at_1000": 0.99644,
        "recall_at_20": 0.94452,
        "recall_at_3": 0.63869,
        "recall_at_5": 0.7532
      }
    ]
  },
  "task_name": "ArguAna"
}