{
  "dataset_revision": "bb9466bac8153a0349341eb1b22e06409e78ef4e",
  "evaluation_time": 287.3097953796387,
  "kg_co2_emissions": null,
  "mteb_version": "1.15.7",
  "scores": {
    "test": [
      {
        "hf_subset": "default",
        "languages": [
          "eng-Latn"
        ],
        "main_score": 0.77813,
        "map_at_1": 0.00239,
        "map_at_10": 0.01948,
        "map_at_100": 0.11115,
        "map_at_1000": 0.26683,
        "map_at_20": 0.03449,
        "map_at_3": 0.00651,
        "map_at_5": 0.01041,
        "mrr_at_1": 0.9,
        "mrr_at_10": 0.9395238095238096,
        "mrr_at_100": 0.9395238095238096,
        "mrr_at_1000": 0.9395238095238096,
        "mrr_at_20": 0.9395238095238096,
        "mrr_at_3": 0.9366666666666668,
        "mrr_at_5": 0.9366666666666668,
        "nauc_map_at_1000_diff1": -0.20157757808304133,
        "nauc_map_at_1000_max": 0.38864478310081246,
        "nauc_map_at_1000_std": 0.7513224972933429,
        "nauc_map_at_100_diff1": -0.11764875018211571,
        "nauc_map_at_100_max": 0.2951955173857501,
        "nauc_map_at_100_std": 0.4873527055103235,
        "nauc_map_at_10_diff1": 0.16054786895616233,
        "nauc_map_at_10_max": 0.1506793865645502,
        "nauc_map_at_10_std": 0.12757241013540294,
        "nauc_map_at_1_diff1": 0.06725038753955455,
        "nauc_map_at_1_max": 0.05632652286527743,
        "nauc_map_at_1_std": -0.006518088466576922,
        "nauc_map_at_20_diff1": 0.10302686417103403,
        "nauc_map_at_20_max": 0.17497205898407608,
        "nauc_map_at_20_std": 0.18321541657612098,
        "nauc_map_at_3_diff1": 0.1044764101228141,
        "nauc_map_at_3_max": 0.08393374035568427,
        "nauc_map_at_3_std": 0.043627693885700786,
        "nauc_map_at_5_diff1": 0.1702341733651586,
        "nauc_map_at_5_max": 0.13106044347786833,
        "nauc_map_at_5_std": 0.07008036861123736,
        "nauc_mrr_at_1000_diff1": -0.3212502848908622,
        "nauc_mrr_at_1000_max": 0.8201327775204561,
        "nauc_mrr_at_1000_std": 0.6492717822036941,
        "nauc_mrr_at_100_diff1": -0.3212502848908622,
        "nauc_mrr_at_100_max": 0.8201327775204561,
        "nauc_mrr_at_100_std": 0.6492717822036941,
        "nauc_mrr_at_10_diff1": -0.3212502848908622,
        "nauc_mrr_at_10_max": 0.8201327775204561,
        "nauc_mrr_at_10_std": 0.6492717822036941,
        "nauc_mrr_at_1_diff1": -0.3909430438842211,
        "nauc_mrr_at_1_max": 0.782446311858077,
        "nauc_mrr_at_1_std": 0.6451914098972921,
        "nauc_mrr_at_20_diff1": -0.3212502848908622,
        "nauc_mrr_at_20_max": 0.8201327775204561,
        "nauc_mrr_at_20_std": 0.6492717822036941,
        "nauc_mrr_at_3_diff1": -0.28175831736202844,
        "nauc_mrr_at_3_max": 0.8282470883090077,
        "nauc_mrr_at_3_std": 0.6525627794977638,
        "nauc_mrr_at_5_diff1": -0.28175831736202844,
        "nauc_mrr_at_5_max": 0.8282470883090077,
        "nauc_mrr_at_5_std": 0.6525627794977638,
        "nauc_ndcg_at_1000_diff1": -0.18543281374014936,
        "nauc_ndcg_at_1000_max": 0.2995554070715354,
        "nauc_ndcg_at_1000_std": 0.7081643343942958,
        "nauc_ndcg_at_100_diff1": -0.22630268428237865,
        "nauc_ndcg_at_100_max": 0.36350564367284954,
        "nauc_ndcg_at_100_std": 0.7518275897639451,
        "nauc_ndcg_at_10_diff1": -0.20052672913481204,
        "nauc_ndcg_at_10_max": 0.34764935113586726,
        "nauc_ndcg_at_10_std": 0.5720579883330397,
        "nauc_ndcg_at_1_diff1": -0.388728816184899,
        "nauc_ndcg_at_1_max": 0.26635065216717796,
        "nauc_ndcg_at_1_std": 0.6618954673606593,
        "nauc_ndcg_at_20_diff1": -0.19178365399827288,
        "nauc_ndcg_at_20_max": 0.3617956281082778,
        "nauc_ndcg_at_20_std": 0.6399659550716731,
        "nauc_ndcg_at_3_diff1": -0.2879507246353434,
        "nauc_ndcg_at_3_max": 0.296231932002049,
        "nauc_ndcg_at_3_std": 0.48539580965526274,
        "nauc_ndcg_at_5_diff1": -0.20153745604675405,
        "nauc_ndcg_at_5_max": 0.3855119400658675,
        "nauc_ndcg_at_5_std": 0.5205268467045925,
        "nauc_precision_at_1000_diff1": -0.1627868015856243,
        "nauc_precision_at_1000_max": 0.3157510838019923,
        "nauc_precision_at_1000_std": 0.5773923801374279,
        "nauc_precision_at_100_diff1": -0.20501173646320325,
        "nauc_precision_at_100_max": 0.40777625226055486,
        "nauc_precision_at_100_std": 0.7383079368622825,
        "nauc_precision_at_10_diff1": -0.09965760097987247,
        "nauc_precision_at_10_max": 0.43831250173983216,
        "nauc_precision_at_10_std": 0.5925382067199293,
        "nauc_precision_at_1_diff1": -0.3909430438842211,
        "nauc_precision_at_1_max": 0.782446311858077,
        "nauc_precision_at_1_std": 0.6451914098972921,
        "nauc_precision_at_20_diff1": -0.08638035851947166,
        "nauc_precision_at_20_max": 0.4410388022027708,
        "nauc_precision_at_20_std": 0.6470525093435605,
        "nauc_precision_at_3_diff1": -0.21841031859772836,
        "nauc_precision_at_3_max": 0.4467423657810601,
        "nauc_precision_at_3_std": 0.42478227317825973,
        "nauc_precision_at_5_diff1": -0.06236840001066146,
        "nauc_precision_at_5_max": 0.5120738825661669,
        "nauc_precision_at_5_std": 0.48964524640848706,
        "nauc_recall_at_1000_diff1": -0.1099581357598733,
        "nauc_recall_at_1000_max": 0.2478131457526207,
        "nauc_recall_at_1000_std": 0.5861635309023145,
        "nauc_recall_at_100_diff1": -0.0739112288825177,
        "nauc_recall_at_100_max": 0.1348733379483525,
        "nauc_recall_at_100_std": 0.3002145385055748,
        "nauc_recall_at_10_diff1": 0.18655482095342737,
        "nauc_recall_at_10_max": 0.07711145130239254,
        "nauc_recall_at_10_std": 0.04714005963492534,
        "nauc_recall_at_1_diff1": 0.06725038753955455,
        "nauc_recall_at_1_max": 0.05632652286527743,
        "nauc_recall_at_1_std": -0.006518088466576922,
        "nauc_recall_at_20_diff1": 0.13388708452075318,
        "nauc_recall_at_20_max": 0.07968138289992421,
        "nauc_recall_at_20_std": 0.06945001828898886,
        "nauc_recall_at_3_diff1": 0.13184621262034502,
        "nauc_recall_at_3_max": 0.0567166800633548,
        "nauc_recall_at_3_std": 0.004607538722304717,
        "nauc_recall_at_5_diff1": 0.20396178452142838,
        "nauc_recall_at_5_max": 0.08470737892964242,
        "nauc_recall_at_5_std": 0.013229988346689757,
        "ndcg_at_1": 0.84,
        "ndcg_at_10": 0.77813,
        "ndcg_at_100": 0.5816,
        "ndcg_at_1000": 0.52234,
        "ndcg_at_20": 0.73035,
        "ndcg_at_3": 0.79061,
        "ndcg_at_5": 0.78242,
        "precision_at_1": 0.9,
        "precision_at_10": 0.816,
        "precision_at_100": 0.5954,
        "precision_at_1000": 0.22918,
        "precision_at_20": 0.764,
        "precision_at_3": 0.83333,
        "precision_at_5": 0.824,
        "recall_at_1": 0.00239,
        "recall_at_10": 0.02151,
        "recall_at_100": 0.14457,
        "recall_at_1000": 0.49112,
        "recall_at_20": 0.03968,
        "recall_at_3": 0.00672,
        "recall_at_5": 0.01108
      }
    ]
  },
  "task_name": "TRECCOVID"
}