{
  "dataset_revision": "ae763399273d8b20506b80cf6f6f9a31a6a2b238",
  "evaluation_time": 10.926766157150269,
  "kg_co2_emissions": null,
  "mteb_version": "1.15.7",
  "scores": {
    "test": [
      {
        "hf_subset": "default",
        "languages": [
          "eng-Latn"
        ],
        "main_score": 0.69693,
        "map_at_1": 0.53906,
        "map_at_10": 0.64627,
        "map_at_100": 0.65066,
        "map_at_1000": 0.65088,
        "map_at_20": 0.64903,
        "map_at_3": 0.62427,
        "map_at_5": 0.63733,
        "mrr_at_1": 0.5390625,
        "mrr_at_10": 0.6462729802207329,
        "mrr_at_100": 0.6506643203019437,
        "mrr_at_1000": 0.6508842029913682,
        "mrr_at_20": 0.6490352610399299,
        "mrr_at_3": 0.6242675781249978,
        "mrr_at_5": 0.6373291015624988,
        "nauc_map_at_1000_diff1": 0.5495403943322746,
        "nauc_map_at_1000_max": 0.370598534172097,
        "nauc_map_at_1000_std": -0.0391170889352146,
        "nauc_map_at_100_diff1": 0.5493966910701661,
        "nauc_map_at_100_max": 0.37083715777059534,
        "nauc_map_at_100_std": -0.03911835333770639,
        "nauc_map_at_10_diff1": 0.5483303728516048,
        "nauc_map_at_10_max": 0.37042492033767344,
        "nauc_map_at_10_std": -0.041716115738084404,
        "nauc_map_at_1_diff1": 0.5988586227678574,
        "nauc_map_at_1_max": 0.34425506816864027,
        "nauc_map_at_1_std": -0.02148587933315712,
        "nauc_map_at_20_diff1": 0.5483853332771997,
        "nauc_map_at_20_max": 0.3712577470127925,
        "nauc_map_at_20_std": -0.04096865320787247,
        "nauc_map_at_3_diff1": 0.5512743696706224,
        "nauc_map_at_3_max": 0.3635016229421421,
        "nauc_map_at_3_std": -0.04165557753628995,
        "nauc_map_at_5_diff1": 0.548142538616533,
        "nauc_map_at_5_max": 0.36706973972070556,
        "nauc_map_at_5_std": -0.04200519685455504,
        "nauc_mrr_at_1000_diff1": 0.5495441246170795,
        "nauc_mrr_at_1000_max": 0.37299009278286405,
        "nauc_mrr_at_1000_std": -0.03669087938387811,
        "nauc_mrr_at_100_diff1": 0.5494003682993193,
        "nauc_mrr_at_100_max": 0.3732267241020648,
        "nauc_mrr_at_100_std": -0.03669408583159988,
        "nauc_mrr_at_10_diff1": 0.5483303728516048,
        "nauc_mrr_at_10_max": 0.37276969863122267,
        "nauc_mrr_at_10_std": -0.039362654790667265,
        "nauc_mrr_at_1_diff1": 0.5988586227678574,
        "nauc_mrr_at_1_max": 0.34737815191402704,
        "nauc_mrr_at_1_std": -0.017509736482326642,
        "nauc_mrr_at_20_diff1": 0.5483887101336472,
        "nauc_mrr_at_20_max": 0.3736338167017741,
        "nauc_mrr_at_20_std": -0.038560304479749626,
        "nauc_mrr_at_3_diff1": 0.5512743696706224,
        "nauc_mrr_at_3_max": 0.3661296382969845,
        "nauc_mrr_at_3_std": -0.03937602265002758,
        "nauc_mrr_at_5_diff1": 0.548142538616533,
        "nauc_mrr_at_5_max": 0.36978506350053963,
        "nauc_mrr_at_5_std": -0.03971409579246368,
        "nauc_ndcg_at_1000_diff1": 0.5382867083466265,
        "nauc_ndcg_at_1000_max": 0.3800667153638814,
        "nauc_ndcg_at_1000_std": -0.03834188892933437,
        "nauc_ndcg_at_100_diff1": 0.5326395658518192,
        "nauc_ndcg_at_100_max": 0.38652042029221484,
        "nauc_ndcg_at_100_std": -0.035070095911507844,
        "nauc_ndcg_at_10_diff1": 0.5260017596758683,
        "nauc_ndcg_at_10_max": 0.38617610810073555,
        "nauc_ndcg_at_10_std": -0.053418168317387216,
        "nauc_ndcg_at_1_diff1": 0.5988586227678574,
        "nauc_ndcg_at_1_max": 0.34425506816864027,
        "nauc_ndcg_at_1_std": -0.02148587933315712,
        "nauc_ndcg_at_20_diff1": 0.5253443661820865,
        "nauc_ndcg_at_20_max": 0.38969779582401487,
        "nauc_ndcg_at_20_std": -0.050243183818436,
        "nauc_ndcg_at_3_diff1": 0.5342549338375926,
        "nauc_ndcg_at_3_max": 0.37022850899845383,
        "nauc_ndcg_at_3_std": -0.051505092386993565,
        "nauc_ndcg_at_5_diff1": 0.5267999773942998,
        "nauc_ndcg_at_5_max": 0.37756823834435155,
        "nauc_ndcg_at_5_std": -0.053100216886618846,
        "nauc_precision_at_1000_diff1": 0.52980716235852,
        "nauc_precision_at_1000_max": 0.6573397120670685,
        "nauc_precision_at_1000_std": 0.5701606017102556,
        "nauc_precision_at_100_diff1": 0.32115922118799795,
        "nauc_precision_at_100_max": 0.6350610791011658,
        "nauc_precision_at_100_std": 0.17752588912721978,
        "nauc_precision_at_10_diff1": 0.3961146256579393,
        "nauc_precision_at_10_max": 0.482370164391972,
        "nauc_precision_at_10_std": -0.12344548587842197,
        "nauc_precision_at_1_diff1": 0.5988586227678574,
        "nauc_precision_at_1_max": 0.34425506816864027,
        "nauc_precision_at_1_std": -0.02148587933315712,
        "nauc_precision_at_20_diff1": 0.3481012565664549,
        "nauc_precision_at_20_max": 0.5417598829201773,
        "nauc_precision_at_20_std": -0.11598075726378125,
        "nauc_precision_at_3_diff1": 0.4736685294382653,
        "nauc_precision_at_3_max": 0.3941128324594046,
        "nauc_precision_at_3_std": -0.08761322103624476,
        "nauc_precision_at_5_diff1": 0.43566806163211025,
        "nauc_precision_at_5_max": 0.4229590242117265,
        "nauc_precision_at_5_std": -0.10138601566547545,
        "nauc_recall_at_1000_diff1": 0.5298071623585056,
        "nauc_recall_at_1000_max": 0.6573397120670724,
        "nauc_recall_at_1000_std": 0.5701606017102719,
        "nauc_recall_at_100_diff1": 0.3211592211879981,
        "nauc_recall_at_100_max": 0.6350610791011685,
        "nauc_recall_at_100_std": 0.17752588912722145,
        "nauc_recall_at_10_diff1": 0.3961146256579406,
        "nauc_recall_at_10_max": 0.48237016439197317,
        "nauc_recall_at_10_std": -0.12344548587841973,
        "nauc_recall_at_1_diff1": 0.5988586227678574,
        "nauc_recall_at_1_max": 0.34425506816864027,
        "nauc_recall_at_1_std": -0.02148587933315712,
        "nauc_recall_at_20_diff1": 0.3481012565664543,
        "nauc_recall_at_20_max": 0.5417598829201781,
        "nauc_recall_at_20_std": -0.11598075726378022,
        "nauc_recall_at_3_diff1": 0.473668529438265,
        "nauc_recall_at_3_max": 0.3941128324594044,
        "nauc_recall_at_3_std": -0.08761322103624561,
        "nauc_recall_at_5_diff1": 0.4356680616321119,
        "nauc_recall_at_5_max": 0.4229590242117286,
        "nauc_recall_at_5_std": -0.10138601566547309,
        "ndcg_at_1": 0.53906,
        "ndcg_at_10": 0.69693,
        "ndcg_at_100": 0.71778,
        "ndcg_at_1000": 0.72337,
        "ndcg_at_20": 0.70687,
        "ndcg_at_3": 0.65193,
        "ndcg_at_5": 0.67557,
        "precision_at_1": 0.53906,
        "precision_at_10": 0.0855,
        "precision_at_100": 0.00951,
        "precision_at_1000": 0.00099,
        "precision_at_20": 0.0447,
        "precision_at_3": 0.24398,
        "precision_at_5": 0.15791,
        "recall_at_1": 0.53906,
        "recall_at_10": 0.85498,
        "recall_at_100": 0.95117,
        "recall_at_1000": 0.99463,
        "recall_at_20": 0.89404,
        "recall_at_3": 0.73193,
        "recall_at_5": 0.78955
      }
    ]
  },
  "task_name": "MedicalQARetrieval"
}