{
  "dataset_revision": "ec0fa4fe99da2ff19ca1214b7966684033a58814",
  "evaluation_time": 22.21369695663452,
  "kg_co2_emissions": null,
  "mteb_version": "1.15.7",
  "scores": {
    "test": [
      {
        "hf_subset": "default",
        "languages": [
          "eng-Latn"
        ],
        "main_score": 0.3681,
        "map_at_1": 0.06352,
        "map_at_10": 0.14183,
        "map_at_100": 0.17945,
        "map_at_1000": 0.19455,
        "map_at_20": 0.1579,
        "map_at_3": 0.10554,
        "map_at_5": 0.1223,
        "mrr_at_1": 0.47368421052631576,
        "mrr_at_10": 0.5670217209690893,
        "mrr_at_100": 0.5722453885427602,
        "mrr_at_1000": 0.5726562330754457,
        "mrr_at_20": 0.5700798578525529,
        "mrr_at_3": 0.5479876160990714,
        "mrr_at_5": 0.5616099071207431,
        "nauc_map_at_1000_diff1": 0.28382852534526304,
        "nauc_map_at_1000_max": 0.30977577818847235,
        "nauc_map_at_1000_std": 0.17389215088394064,
        "nauc_map_at_100_diff1": 0.3070172107365564,
        "nauc_map_at_100_max": 0.3029691776989066,
        "nauc_map_at_100_std": 0.1353345142274996,
        "nauc_map_at_10_diff1": 0.3577239366694748,
        "nauc_map_at_10_max": 0.2557326043050865,
        "nauc_map_at_10_std": 0.016524566956528278,
        "nauc_map_at_1_diff1": 0.5051705984029768,
        "nauc_map_at_1_max": 0.1483128654261621,
        "nauc_map_at_1_std": -0.1587809930745726,
        "nauc_map_at_20_diff1": 0.33969923147549247,
        "nauc_map_at_20_max": 0.27714335736388024,
        "nauc_map_at_20_std": 0.06472853848441613,
        "nauc_map_at_3_diff1": 0.4230908893762032,
        "nauc_map_at_3_max": 0.18819975586601428,
        "nauc_map_at_3_std": -0.09231619841863421,
        "nauc_map_at_5_diff1": 0.3932733271185532,
        "nauc_map_at_5_max": 0.2151991820708231,
        "nauc_map_at_5_std": -0.05686256172731738,
        "nauc_mrr_at_1000_diff1": 0.3924224417385943,
        "nauc_mrr_at_1000_max": 0.4489691957594553,
        "nauc_mrr_at_1000_std": 0.29934982508866737,
        "nauc_mrr_at_100_diff1": 0.3925071729359852,
        "nauc_mrr_at_100_max": 0.4493630895184528,
        "nauc_mrr_at_100_std": 0.2996279635059294,
        "nauc_mrr_at_10_diff1": 0.39436205075585495,
        "nauc_mrr_at_10_max": 0.4487903054829193,
        "nauc_mrr_at_10_std": 0.298455577310122,
        "nauc_mrr_at_1_diff1": 0.4027285950979853,
        "nauc_mrr_at_1_max": 0.3816537324040301,
        "nauc_mrr_at_1_std": 0.22287841004964773,
        "nauc_mrr_at_20_diff1": 0.3936717640283386,
        "nauc_mrr_at_20_max": 0.4499682559723047,
        "nauc_mrr_at_20_std": 0.3002823767227577,
        "nauc_mrr_at_3_diff1": 0.3908195675705938,
        "nauc_mrr_at_3_max": 0.4441951269516353,
        "nauc_mrr_at_3_std": 0.2886936682739962,
        "nauc_mrr_at_5_diff1": 0.3925261844937189,
        "nauc_mrr_at_5_max": 0.4415835237602845,
        "nauc_mrr_at_5_std": 0.2965344609168113,
        "nauc_ndcg_at_1000_diff1": 0.26622053457239786,
        "nauc_ndcg_at_1000_max": 0.4495723617087446,
        "nauc_ndcg_at_1000_std": 0.35738273959100164,
        "nauc_ndcg_at_100_diff1": 0.27007370760739674,
        "nauc_ndcg_at_100_max": 0.4062717188591583,
        "nauc_ndcg_at_100_std": 0.3082845086524862,
        "nauc_ndcg_at_10_diff1": 0.23065320129169298,
        "nauc_ndcg_at_10_max": 0.39040227085197443,
        "nauc_ndcg_at_10_std": 0.29491605149372513,
        "nauc_ndcg_at_1_diff1": 0.3977289285569305,
        "nauc_ndcg_at_1_max": 0.3710771321380481,
        "nauc_ndcg_at_1_std": 0.22005234654039182,
        "nauc_ndcg_at_20_diff1": 0.2435571428958459,
        "nauc_ndcg_at_20_max": 0.37658258251008037,
        "nauc_ndcg_at_20_std": 0.2953123582252596,
        "nauc_ndcg_at_3_diff1": 0.2607226333302637,
        "nauc_ndcg_at_3_max": 0.39627949136699486,
        "nauc_ndcg_at_3_std": 0.25790424943122114,
        "nauc_ndcg_at_5_diff1": 0.23541079406649468,
        "nauc_ndcg_at_5_max": 0.3955966865420997,
        "nauc_ndcg_at_5_std": 0.26365411339702494,
        "nauc_precision_at_1000_diff1": -0.24577954660254742,
        "nauc_precision_at_1000_max": 0.04898759196356748,
        "nauc_precision_at_1000_std": 0.3667888739330887,
        "nauc_precision_at_100_diff1": -0.18112791967163036,
        "nauc_precision_at_100_max": 0.191360814506957,
        "nauc_precision_at_100_std": 0.47765357271049,
        "nauc_precision_at_10_diff1": -0.02298068449255199,
        "nauc_precision_at_10_max": 0.35988147433737433,
        "nauc_precision_at_10_std": 0.4179496112986956,
        "nauc_precision_at_1_diff1": 0.4110369520808835,
        "nauc_precision_at_1_max": 0.38608732126864903,
        "nauc_precision_at_1_std": 0.22895059682555416,
        "nauc_precision_at_20_diff1": -0.06784860991745324,
        "nauc_precision_at_20_max": 0.29472254505762424,
        "nauc_precision_at_20_std": 0.43199294191072296,
        "nauc_precision_at_3_diff1": 0.14123802343559314,
        "nauc_precision_at_3_max": 0.405219646818493,
        "nauc_precision_at_3_std": 0.3275671345388847,
        "nauc_precision_at_5_diff1": 0.057594382397273214,
        "nauc_precision_at_5_max": 0.3856979857072173,
        "nauc_precision_at_5_std": 0.3496832729487362,
        "nauc_recall_at_1000_diff1": 0.09603305511459669,
        "nauc_recall_at_1000_max": 0.21637913169719306,
        "nauc_recall_at_1000_std": 0.27402890876428654,
        "nauc_recall_at_100_diff1": 0.23867601661026042,
        "nauc_recall_at_100_max": 0.28828478699447374,
        "nauc_recall_at_100_std": 0.23853092774839976,
        "nauc_recall_at_10_diff1": 0.33714348856823495,
        "nauc_recall_at_10_max": 0.2448135892409463,
        "nauc_recall_at_10_std": 0.048944913075309286,
        "nauc_recall_at_1_diff1": 0.5051705984029768,
        "nauc_recall_at_1_max": 0.1483128654261621,
        "nauc_recall_at_1_std": -0.1587809930745726,
        "nauc_recall_at_20_diff1": 0.3190816144744594,
        "nauc_recall_at_20_max": 0.2657792351366118,
        "nauc_recall_at_20_std": 0.12260280934735243,
        "nauc_recall_at_3_diff1": 0.40474458601631924,
        "nauc_recall_at_3_max": 0.18259441040660362,
        "nauc_recall_at_3_std": -0.08381513181541018,
        "nauc_recall_at_5_diff1": 0.36556432232555747,
        "nauc_recall_at_5_max": 0.19814210338530755,
        "nauc_recall_at_5_std": -0.04666719121879826,
        "ndcg_at_1": 0.45046,
        "ndcg_at_10": 0.3681,
        "ndcg_at_100": 0.33721,
        "ndcg_at_1000": 0.42631,
        "ndcg_at_20": 0.34485,
        "ndcg_at_3": 0.42771,
        "ndcg_at_5": 0.40478,
        "precision_at_1": 0.47059,
        "precision_at_10": 0.27307,
        "precision_at_100": 0.08529,
        "precision_at_1000": 0.02152,
        "precision_at_20": 0.20294,
        "precision_at_3": 0.40454,
        "precision_at_5": 0.35294,
        "recall_at_1": 0.06352,
        "recall_at_10": 0.1756,
        "recall_at_100": 0.332,
        "recall_at_1000": 0.65927,
        "recall_at_20": 0.21513,
        "recall_at_3": 0.11623,
        "recall_at_5": 0.14109
      }
    ]
  },
  "task_name": "NFCorpus"
}