{
  "dataset_revision": "main",
  "evaluation_time": 1.553555965423584,
  "kg_co2_emissions": null,
  "mteb_version": "1.15.7",
  "scores": {
    "test": [
      {
        "hf_subset": "english",
        "languages": [
          "eng-Latn"
        ],
        "main_score": 0.78675,
        "map_at_1": 0.64535,
        "map_at_10": 0.74507,
        "map_at_100": 0.74917,
        "map_at_1000": 0.74921,
        "map_at_20": 0.74746,
        "map_at_3": 0.72771,
        "map_at_5": 0.74341,
        "mrr_at_1": 0.6453488372093024,
        "mrr_at_10": 0.7450719822812846,
        "mrr_at_100": 0.7491628023781605,
        "mrr_at_1000": 0.7492096890998411,
        "mrr_at_20": 0.7474639701383887,
        "mrr_at_3": 0.7277131782945736,
        "mrr_at_5": 0.7434108527131783,
        "nauc_map_at_1000_diff1": 0.7212226992965042,
        "nauc_map_at_1000_max": 0.4047067295973573,
        "nauc_map_at_1000_std": -0.04785181671475117,
        "nauc_map_at_100_diff1": 0.7209412935401065,
        "nauc_map_at_100_max": 0.40483748204802256,
        "nauc_map_at_100_std": -0.047621662604531004,
        "nauc_map_at_10_diff1": 0.71959493785484,
        "nauc_map_at_10_max": 0.40532806827043916,
        "nauc_map_at_10_std": -0.0426993114341746,
        "nauc_map_at_1_diff1": 0.741369202121666,
        "nauc_map_at_1_max": 0.4205071412760652,
        "nauc_map_at_1_std": -0.07106102036301624,
        "nauc_map_at_20_diff1": 0.7213843899749208,
        "nauc_map_at_20_max": 0.4058145346098936,
        "nauc_map_at_20_std": -0.04400916153256319,
        "nauc_map_at_3_diff1": 0.7226225087188223,
        "nauc_map_at_3_max": 0.3773257408120854,
        "nauc_map_at_3_std": -0.0898946297420875,
        "nauc_map_at_5_diff1": 0.7212250649445469,
        "nauc_map_at_5_max": 0.40709493298185145,
        "nauc_map_at_5_std": -0.04314198295787894,
        "nauc_mrr_at_1000_diff1": 0.7212242827980668,
        "nauc_mrr_at_1000_max": 0.4047130890846404,
        "nauc_mrr_at_1000_std": -0.047840622567875045,
        "nauc_mrr_at_100_diff1": 0.7209428796994485,
        "nauc_mrr_at_100_max": 0.4048438387419843,
        "nauc_mrr_at_100_std": -0.04761047337453813,
        "nauc_mrr_at_10_diff1": 0.71959493785484,
        "nauc_mrr_at_10_max": 0.40532806827043916,
        "nauc_mrr_at_10_std": -0.0426993114341746,
        "nauc_mrr_at_1_diff1": 0.741369202121666,
        "nauc_mrr_at_1_max": 0.4205071412760652,
        "nauc_mrr_at_1_std": -0.07106102036301624,
        "nauc_mrr_at_20_diff1": 0.7213843899749208,
        "nauc_mrr_at_20_max": 0.4058145346098936,
        "nauc_mrr_at_20_std": -0.04400916153256319,
        "nauc_mrr_at_3_diff1": 0.7226225087188223,
        "nauc_mrr_at_3_max": 0.3773257408120854,
        "nauc_mrr_at_3_std": -0.0898946297420875,
        "nauc_mrr_at_5_diff1": 0.7212250649445469,
        "nauc_mrr_at_5_max": 0.40709493298185145,
        "nauc_mrr_at_5_std": -0.04314198295787894,
        "nauc_ndcg_at_1000_diff1": 0.7168125749432959,
        "nauc_ndcg_at_1000_max": 0.40692056505577223,
        "nauc_ndcg_at_1000_std": -0.03633531462269671,
        "nauc_ndcg_at_100_diff1": 0.7104361978194138,
        "nauc_ndcg_at_100_max": 0.40988246413700247,
        "nauc_ndcg_at_100_std": -0.031159750549200203,
        "nauc_ndcg_at_10_diff1": 0.7082991125137713,
        "nauc_ndcg_at_10_max": 0.41411642287477496,
        "nauc_ndcg_at_10_std": -0.0037350831870502435,
        "nauc_ndcg_at_1_diff1": 0.741369202121666,
        "nauc_ndcg_at_1_max": 0.4205071412760652,
        "nauc_ndcg_at_1_std": -0.07106102036301624,
        "nauc_ndcg_at_20_diff1": 0.7145935060831151,
        "nauc_ndcg_at_20_max": 0.41586986785079044,
        "nauc_ndcg_at_20_std": -0.006801987492548733,
        "nauc_ndcg_at_3_diff1": 0.7177301171665144,
        "nauc_ndcg_at_3_max": 0.35716234507042033,
        "nauc_ndcg_at_3_std": -0.10268015974375166,
        "nauc_ndcg_at_5_diff1": 0.7129362201866366,
        "nauc_ndcg_at_5_max": 0.4187117778903476,
        "nauc_ndcg_at_5_std": -0.005729471091816521,
        "nauc_precision_at_1000_diff1": 1.0,
        "nauc_precision_at_1000_max": 1.0,
        "nauc_precision_at_1000_std": 1.0,
        "nauc_precision_at_100_diff1": -0.559968989151172,
        "nauc_precision_at_100_max": 1.0,
        "nauc_precision_at_100_std": 1.0,
        "nauc_precision_at_10_diff1": 0.6220652097408716,
        "nauc_precision_at_10_max": 0.4974050851217233,
        "nauc_precision_at_10_std": 0.3108638554112951,
        "nauc_precision_at_1_diff1": 0.741369202121666,
        "nauc_precision_at_1_max": 0.4205071412760652,
        "nauc_precision_at_1_std": -0.07106102036301624,
        "nauc_precision_at_20_diff1": 0.6485900585411091,
        "nauc_precision_at_20_max": 0.5554935337208554,
        "nauc_precision_at_20_std": 0.4359398893047848,
        "nauc_precision_at_3_diff1": 0.698438933248178,
        "nauc_precision_at_3_max": 0.27149665188124333,
        "nauc_precision_at_3_std": -0.15854523823090094,
        "nauc_precision_at_5_diff1": 0.6588486977343003,
        "nauc_precision_at_5_max": 0.5140048896732762,
        "nauc_precision_at_5_std": 0.26239525730278085,
        "nauc_recall_at_1000_diff1": NaN,
        "nauc_recall_at_1000_max": NaN,
        "nauc_recall_at_1000_std": NaN,
        "nauc_recall_at_100_diff1": -0.559968989151095,
        "nauc_recall_at_100_max": 1.0,
        "nauc_recall_at_100_std": 1.0,
        "nauc_recall_at_10_diff1": 0.6220652097408723,
        "nauc_recall_at_10_max": 0.4974050851217265,
        "nauc_recall_at_10_std": 0.31086385541129447,
        "nauc_recall_at_1_diff1": 0.741369202121666,
        "nauc_recall_at_1_max": 0.4205071412760652,
        "nauc_recall_at_1_std": -0.07106102036301624,
        "nauc_recall_at_20_diff1": 0.6485900585411102,
        "nauc_recall_at_20_max": 0.5554935337208575,
        "nauc_recall_at_20_std": 0.43593988930478217,
        "nauc_recall_at_3_diff1": 0.6984389332481794,
        "nauc_recall_at_3_max": 0.2714966518812439,
        "nauc_recall_at_3_std": -0.15854523823090202,
        "nauc_recall_at_5_diff1": 0.658848697734299,
        "nauc_recall_at_5_max": 0.5140048896732754,
        "nauc_recall_at_5_std": 0.2623952573027801,
        "ndcg_at_1": 0.64535,
        "ndcg_at_10": 0.78675,
        "ndcg_at_100": 0.80501,
        "ndcg_at_1000": 0.80584,
        "ndcg_at_20": 0.79457,
        "ndcg_at_3": 0.75436,
        "ndcg_at_5": 0.78288,
        "precision_at_1": 0.64535,
        "precision_at_10": 0.09128,
        "precision_at_100": 0.00994,
        "precision_at_1000": 0.001,
        "precision_at_20": 0.04709,
        "precision_at_3": 0.27713,
        "precision_at_5": 0.18023,
        "recall_at_1": 0.64535,
        "recall_at_10": 0.91279,
        "recall_at_100": 0.99419,
        "recall_at_1000": 1.0,
        "recall_at_20": 0.94186,
        "recall_at_3": 0.8314,
        "recall_at_5": 0.90116
      }
    ]
  },
  "task_name": "PublicHealthQA"
}