{
  "dataset_revision": "bb9466bac8153a0349341eb1b22e06409e78ef4e",
  "evaluation_time": 709.9251208305359,
  "kg_co2_emissions": null,
  "mteb_version": "1.15.7",
  "scores": {
    "test": [
      {
        "hf_subset": "default",
        "languages": [
          "eng-Latn"
        ],
        "main_score": 0.67183,
        "map_at_1": 0.0019,
        "map_at_10": 0.01682,
        "map_at_100": 0.09623,
        "map_at_1000": 0.23348,
        "map_at_20": 0.02991,
        "map_at_3": 0.00557,
        "map_at_5": 0.00908,
        "mrr_at_1": 0.7,
        "mrr_at_10": 0.8185238095238095,
        "mrr_at_100": 0.8185238095238095,
        "mrr_at_1000": 0.8185238095238095,
        "mrr_at_20": 0.8185238095238095,
        "mrr_at_3": 0.8,
        "mrr_at_5": 0.809,
        "nauc_map_at_1000_diff1": -0.26075834018859795,
        "nauc_map_at_1000_max": 0.41851023911996327,
        "nauc_map_at_1000_std": 0.7652234390106971,
        "nauc_map_at_100_diff1": -0.297539479778152,
        "nauc_map_at_100_max": 0.5055849746904935,
        "nauc_map_at_100_std": 0.5565313340541909,
        "nauc_map_at_10_diff1": -0.12096505388141209,
        "nauc_map_at_10_max": 0.4017602739092939,
        "nauc_map_at_10_std": 0.15784510898645968,
        "nauc_map_at_1_diff1": 0.06851502270469655,
        "nauc_map_at_1_max": 0.3638935949179147,
        "nauc_map_at_1_std": 0.12462161287912034,
        "nauc_map_at_20_diff1": -0.19151006510148424,
        "nauc_map_at_20_max": 0.380986499855746,
        "nauc_map_at_20_std": 0.20920745480716912,
        "nauc_map_at_3_diff1": 0.0608004460872594,
        "nauc_map_at_3_max": 0.34982247268496514,
        "nauc_map_at_3_std": 0.14046134297035992,
        "nauc_map_at_5_diff1": -0.004068864284578603,
        "nauc_map_at_5_max": 0.36668189171011184,
        "nauc_map_at_5_std": 0.14947698733356013,
        "nauc_mrr_at_1000_diff1": -0.08556153349643918,
        "nauc_mrr_at_1000_max": 0.6747832674342645,
        "nauc_mrr_at_1000_std": 0.5122551008970772,
        "nauc_mrr_at_100_diff1": -0.08556153349643918,
        "nauc_mrr_at_100_max": 0.6747832674342645,
        "nauc_mrr_at_100_std": 0.5122551008970772,
        "nauc_mrr_at_10_diff1": -0.08556153349643918,
        "nauc_mrr_at_10_max": 0.6747832674342645,
        "nauc_mrr_at_10_std": 0.5122551008970772,
        "nauc_mrr_at_1_diff1": -0.12311295262114924,
        "nauc_mrr_at_1_max": 0.6617906683480453,
        "nauc_mrr_at_1_std": 0.5063592145559356,
        "nauc_mrr_at_20_diff1": -0.08556153349643918,
        "nauc_mrr_at_20_max": 0.6747832674342645,
        "nauc_mrr_at_20_std": 0.5122551008970772,
        "nauc_mrr_at_3_diff1": -0.07250747432731054,
        "nauc_mrr_at_3_max": 0.6761731444170026,
        "nauc_mrr_at_3_std": 0.5116339529442347,
        "nauc_mrr_at_5_diff1": -0.08824704684540724,
        "nauc_mrr_at_5_max": 0.6903867838805376,
        "nauc_mrr_at_5_std": 0.5151379963434519,
        "nauc_ndcg_at_1000_diff1": -0.2509193522263538,
        "nauc_ndcg_at_1000_max": 0.40531097848453146,
        "nauc_ndcg_at_1000_std": 0.7313592584387432,
        "nauc_ndcg_at_100_diff1": -0.3299141125959375,
        "nauc_ndcg_at_100_max": 0.3574490622706709,
        "nauc_ndcg_at_100_std": 0.7111914524472572,
        "nauc_ndcg_at_10_diff1": -0.43138224600312336,
        "nauc_ndcg_at_10_max": 0.4579875057981003,
        "nauc_ndcg_at_10_std": 0.5321349787481552,
        "nauc_ndcg_at_1_diff1": -0.268858328586541,
        "nauc_ndcg_at_1_max": 0.5488648384734315,
        "nauc_ndcg_at_1_std": 0.5001871592481081,
        "nauc_ndcg_at_20_diff1": -0.40645953140724356,
        "nauc_ndcg_at_20_max": 0.39274585285163693,
        "nauc_ndcg_at_20_std": 0.5669756604901909,
        "nauc_ndcg_at_3_diff1": -0.22303398863047574,
        "nauc_ndcg_at_3_max": 0.4964003085439639,
        "nauc_ndcg_at_3_std": 0.5361741133410853,
        "nauc_ndcg_at_5_diff1": -0.36219038849682417,
        "nauc_ndcg_at_5_max": 0.4998209141489285,
        "nauc_ndcg_at_5_std": 0.5533411872488674,
        "nauc_precision_at_1000_diff1": -0.11875192995468542,
        "nauc_precision_at_1000_max": 0.1415110114891154,
        "nauc_precision_at_1000_std": 0.5128416194876022,
        "nauc_precision_at_100_diff1": -0.31913180456145795,
        "nauc_precision_at_100_max": 0.34777533700260244,
        "nauc_precision_at_100_std": 0.7211431474111122,
        "nauc_precision_at_10_diff1": -0.5249599144842334,
        "nauc_precision_at_10_max": 0.5274933190807055,
        "nauc_precision_at_10_std": 0.5572634954569751,
        "nauc_precision_at_1_diff1": -0.12311295262114924,
        "nauc_precision_at_1_max": 0.6617906683480453,
        "nauc_precision_at_1_std": 0.5063592145559356,
        "nauc_precision_at_20_diff1": -0.44394108873974547,
        "nauc_precision_at_20_max": 0.36457867263236393,
        "nauc_precision_at_20_std": 0.5552146585703633,
        "nauc_precision_at_3_diff1": -0.18873342612262803,
        "nauc_precision_at_3_max": 0.5579371474617243,
        "nauc_precision_at_3_std": 0.5751959563401945,
        "nauc_precision_at_5_diff1": -0.398778359511345,
        "nauc_precision_at_5_max": 0.564675636622943,
        "nauc_precision_at_5_std": 0.5887800484152451,
        "nauc_recall_at_1000_diff1": -0.16314075468026082,
        "nauc_recall_at_1000_max": 0.36535491241390683,
        "nauc_recall_at_1000_std": 0.6286743284470228,
        "nauc_recall_at_100_diff1": -0.23253827193673862,
        "nauc_recall_at_100_max": 0.44331209703091723,
        "nauc_recall_at_100_std": 0.40574064730508286,
        "nauc_recall_at_10_diff1": -0.1259563915794904,
        "nauc_recall_at_10_max": 0.33840505433829665,
        "nauc_recall_at_10_std": 0.06727959560869565,
        "nauc_recall_at_1_diff1": 0.06851502270469655,
        "nauc_recall_at_1_max": 0.3638935949179147,
        "nauc_recall_at_1_std": 0.12462161287912034,
        "nauc_recall_at_20_diff1": -0.16312155546710852,
        "nauc_recall_at_20_max": 0.29818109994074304,
        "nauc_recall_at_20_std": 0.11010536478907731,
        "nauc_recall_at_3_diff1": 0.05136114235273931,
        "nauc_recall_at_3_max": 0.3192572115223626,
        "nauc_recall_at_3_std": 0.10757142009832142,
        "nauc_recall_at_5_diff1": -0.03317471561406914,
        "nauc_recall_at_5_max": 0.3191983159069332,
        "nauc_recall_at_5_std": 0.09138769451886965,
        "ndcg_at_1": 0.65,
        "ndcg_at_10": 0.67183,
        "ndcg_at_100": 0.53185,
        "ndcg_at_1000": 0.48788,
        "ndcg_at_20": 0.64371,
        "ndcg_at_3": 0.67073,
        "ndcg_at_5": 0.67401,
        "precision_at_1": 0.7,
        "precision_at_10": 0.73,
        "precision_at_100": 0.5492,
        "precision_at_1000": 0.21578,
        "precision_at_20": 0.688,
        "precision_at_3": 0.73333,
        "precision_at_5": 0.728,
        "recall_at_1": 0.0019,
        "recall_at_10": 0.01959,
        "recall_at_100": 0.13294,
        "recall_at_1000": 0.4613,
        "recall_at_20": 0.03624,
        "recall_at_3": 0.00599,
        "recall_at_5": 0.0101
      }
    ]
  },
  "task_name": "TRECCOVID"
}