{
  "dataset_revision": "main",
  "evaluation_time": 0.34464454650878906,
  "kg_co2_emissions": null,
  "mteb_version": "1.15.4",
  "scores": {
    "test": [
      {
        "hf_subset": "english",
        "languages": [
          "eng-Latn"
        ],
        "main_score": 0.76402,
        "map_at_1": 0.59884,
        "map_at_10": 0.70935,
        "map_at_100": 0.71179,
        "map_at_1000": 0.71183,
        "map_at_20": 0.71096,
        "map_at_3": 0.68508,
        "map_at_5": 0.69961,
        "mrr_at_1": 0.5988372093023255,
        "mrr_at_10": 0.7093461609449981,
        "mrr_at_100": 0.7117903669791231,
        "mrr_at_1000": 0.7118256030608707,
        "mrr_at_20": 0.7109642537694864,
        "mrr_at_3": 0.6850775193798447,
        "mrr_at_5": 0.6996124031007751,
        "nauc_map_at_1000_diff1": 0.7053135795281961,
        "nauc_map_at_1000_max": 0.402825075946597,
        "nauc_map_at_1000_std": -0.1461584882475422,
        "nauc_map_at_100_diff1": 0.7050390684481058,
        "nauc_map_at_100_max": 0.4029131902018998,
        "nauc_map_at_100_std": -0.14598937046046995,
        "nauc_map_at_10_diff1": 0.7053104840087323,
        "nauc_map_at_10_max": 0.40432347502846083,
        "nauc_map_at_10_std": -0.14410660110684348,
        "nauc_map_at_1_diff1": 0.7517005759012091,
        "nauc_map_at_1_max": 0.3720423899228249,
        "nauc_map_at_1_std": -0.1634602946497859,
        "nauc_map_at_20_diff1": 0.7049517077192589,
        "nauc_map_at_20_max": 0.4035374784615253,
        "nauc_map_at_20_std": -0.14500073843238323,
        "nauc_map_at_3_diff1": 0.6958146723000469,
        "nauc_map_at_3_max": 0.39434708536656715,
        "nauc_map_at_3_std": -0.16335678110539947,
        "nauc_map_at_5_diff1": 0.7057653435637006,
        "nauc_map_at_5_max": 0.40587469939528326,
        "nauc_map_at_5_std": -0.15082428072328527,
        "nauc_mrr_at_1000_diff1": 0.7053152434787198,
        "nauc_mrr_at_1000_max": 0.4028245418415223,
        "nauc_mrr_at_1000_std": -0.14615951335599975,
        "nauc_mrr_at_100_diff1": 0.7050390684481058,
        "nauc_mrr_at_100_max": 0.4029131902018998,
        "nauc_mrr_at_100_std": -0.14598937046046995,
        "nauc_mrr_at_10_diff1": 0.7053104840087323,
        "nauc_mrr_at_10_max": 0.40432347502846083,
        "nauc_mrr_at_10_std": -0.14410660110684348,
        "nauc_mrr_at_1_diff1": 0.7517005759012091,
        "nauc_mrr_at_1_max": 0.3720423899228249,
        "nauc_mrr_at_1_std": -0.1634602946497859,
        "nauc_mrr_at_20_diff1": 0.7049517077192589,
        "nauc_mrr_at_20_max": 0.4035374784615253,
        "nauc_mrr_at_20_std": -0.14500073843238323,
        "nauc_mrr_at_3_diff1": 0.6958146723000469,
        "nauc_mrr_at_3_max": 0.39434708536656715,
        "nauc_mrr_at_3_std": -0.16335678110539947,
        "nauc_mrr_at_5_diff1": 0.7057653435637006,
        "nauc_mrr_at_5_max": 0.40587469939528326,
        "nauc_mrr_at_5_std": -0.15082428072328527,
        "nauc_ndcg_at_1000_diff1": 0.6949034487214933,
        "nauc_ndcg_at_1000_max": 0.40966677002425217,
        "nauc_ndcg_at_1000_std": -0.13662202707301735,
        "nauc_ndcg_at_100_diff1": 0.687059208219833,
        "nauc_ndcg_at_100_max": 0.41216982157999293,
        "nauc_ndcg_at_100_std": -0.13180267524138967,
        "nauc_ndcg_at_10_diff1": 0.6864908135384064,
        "nauc_ndcg_at_10_max": 0.42076495829850624,
        "nauc_ndcg_at_10_std": -0.11780843890005026,
        "nauc_ndcg_at_1_diff1": 0.7517005759012091,
        "nauc_ndcg_at_1_max": 0.3720423899228249,
        "nauc_ndcg_at_1_std": -0.1634602946497859,
        "nauc_ndcg_at_20_diff1": 0.6843811880650957,
        "nauc_ndcg_at_20_max": 0.41828728910703106,
        "nauc_ndcg_at_20_std": -0.1210368279243942,
        "nauc_ndcg_at_3_diff1": 0.672654383878121,
        "nauc_ndcg_at_3_max": 0.40038058216841993,
        "nauc_ndcg_at_3_std": -0.16278958481852138,
        "nauc_ndcg_at_5_diff1": 0.6893564291657335,
        "nauc_ndcg_at_5_max": 0.4245951286131182,
        "nauc_ndcg_at_5_std": -0.13755781628671201,
        "nauc_precision_at_1000_diff1": 1.0,
        "nauc_precision_at_1000_max": 1.0,
        "nauc_precision_at_1000_std": 1.0,
        "nauc_precision_at_100_diff1": -1.1551246984937409,
        "nauc_precision_at_100_max": 1.0,
        "nauc_precision_at_100_std": 1.0,
        "nauc_precision_at_10_diff1": 0.48552477485427753,
        "nauc_precision_at_10_max": 0.5994830443513334,
        "nauc_precision_at_10_std": 0.2049647608718068,
        "nauc_precision_at_1_diff1": 0.7517005759012091,
        "nauc_precision_at_1_max": 0.3720423899228249,
        "nauc_precision_at_1_std": -0.1634602946497859,
        "nauc_precision_at_20_diff1": 0.3321237492910203,
        "nauc_precision_at_20_max": 0.6609462156572459,
        "nauc_precision_at_20_std": 0.32907984830308407,
        "nauc_precision_at_3_diff1": 0.5801892057022697,
        "nauc_precision_at_3_max": 0.42318195262826086,
        "nauc_precision_at_3_std": -0.16031493945858757,
        "nauc_precision_at_5_diff1": 0.6044877901882597,
        "nauc_precision_at_5_max": 0.529462924111304,
        "nauc_precision_at_5_std": -0.060055765737559566,
        "nauc_recall_at_1000_diff1": NaN,
        "nauc_recall_at_1000_max": NaN,
        "nauc_recall_at_1000_std": NaN,
        "nauc_recall_at_100_diff1": -1.1551246984936445,
        "nauc_recall_at_100_max": 1.0,
        "nauc_recall_at_100_std": 1.0,
        "nauc_recall_at_10_diff1": 0.4855247748542745,
        "nauc_recall_at_10_max": 0.5994830443513344,
        "nauc_recall_at_10_std": 0.2049647608718066,
        "nauc_recall_at_1_diff1": 0.7517005759012091,
        "nauc_recall_at_1_max": 0.3720423899228249,
        "nauc_recall_at_1_std": -0.1634602946497859,
        "nauc_recall_at_20_diff1": 0.33212374929102184,
        "nauc_recall_at_20_max": 0.6609462156572482,
        "nauc_recall_at_20_std": 0.32907984830308484,
        "nauc_recall_at_3_diff1": 0.5801892057022706,
        "nauc_recall_at_3_max": 0.42318195262826036,
        "nauc_recall_at_3_std": -0.16031493945858716,
        "nauc_recall_at_5_diff1": 0.6044877901882587,
        "nauc_recall_at_5_max": 0.5294629241113055,
        "nauc_recall_at_5_std": -0.060055765737559566,
        "ndcg_at_1": 0.59884,
        "ndcg_at_10": 0.76402,
        "ndcg_at_100": 0.77625,
        "ndcg_at_1000": 0.77704,
        "ndcg_at_20": 0.76991,
        "ndcg_at_3": 0.71366,
        "ndcg_at_5": 0.73993,
        "precision_at_1": 0.59884,
        "precision_at_10": 0.0936,
        "precision_at_100": 0.00994,
        "precision_at_1000": 0.001,
        "precision_at_20": 0.04797,
        "precision_at_3": 0.2655,
        "precision_at_5": 0.17209,
        "recall_at_1": 0.59884,
        "recall_at_10": 0.93605,
        "recall_at_100": 0.99419,
        "recall_at_1000": 1.0,
        "recall_at_20": 0.9593,
        "recall_at_3": 0.79651,
        "recall_at_5": 0.86047
      }
    ]
  },
  "task_name": "PublicHealthQA"
}