{
  "dataset_revision": "bb9466bac8153a0349341eb1b22e06409e78ef4e",
  "evaluation_time": 87.71682047843933,
  "kg_co2_emissions": null,
  "mteb_version": "1.15.4",
  "scores": {
    "test": [
      {
        "hf_subset": "default",
        "languages": [
          "eng-Latn"
        ],
        "main_score": 0.50809,
        "map_at_1": 0.00176,
        "map_at_10": 0.01164,
        "map_at_100": 0.06047,
        "map_at_1000": 0.14912,
        "map_at_20": 0.02037,
        "map_at_3": 0.00448,
        "map_at_5": 0.00658,
        "mrr_at_1": 0.64,
        "mrr_at_10": 0.7353809523809524,
        "mrr_at_100": 0.7375238095238096,
        "mrr_at_1000": 0.7375238095238096,
        "mrr_at_20": 0.7370476190476193,
        "mrr_at_3": 0.7066666666666666,
        "mrr_at_5": 0.7246666666666667,
        "nauc_map_at_1000_diff1": -0.25047218110154784,
        "nauc_map_at_1000_max": 0.5389987642663566,
        "nauc_map_at_1000_std": 0.8902690125184619,
        "nauc_map_at_100_diff1": -0.33678072490013056,
        "nauc_map_at_100_max": 0.5179477223038178,
        "nauc_map_at_100_std": 0.7901480212767388,
        "nauc_map_at_10_diff1": -0.41080715383121685,
        "nauc_map_at_10_max": 0.295037200812499,
        "nauc_map_at_10_std": 0.34164146624317115,
        "nauc_map_at_1_diff1": -0.26386812359360856,
        "nauc_map_at_1_max": 0.14146399371746213,
        "nauc_map_at_1_std": 0.1103247053295333,
        "nauc_map_at_20_diff1": -0.3642484102093188,
        "nauc_map_at_20_max": 0.29637871907969526,
        "nauc_map_at_20_std": 0.4274457551548409,
        "nauc_map_at_3_diff1": -0.39868578484475264,
        "nauc_map_at_3_max": 0.15152582989475194,
        "nauc_map_at_3_std": 0.1956322860440675,
        "nauc_map_at_5_diff1": -0.3951796721483493,
        "nauc_map_at_5_max": 0.21679378794316087,
        "nauc_map_at_5_std": 0.2459713784239055,
        "nauc_mrr_at_1000_diff1": -0.2586415387324766,
        "nauc_mrr_at_1000_max": 0.4027170250646737,
        "nauc_mrr_at_1000_std": 0.47354152610725964,
        "nauc_mrr_at_100_diff1": -0.2586415387324766,
        "nauc_mrr_at_100_max": 0.4027170250646737,
        "nauc_mrr_at_100_std": 0.47354152610725964,
        "nauc_mrr_at_10_diff1": -0.24906134896155568,
        "nauc_mrr_at_10_max": 0.40785624586972585,
        "nauc_mrr_at_10_std": 0.4780011098352628,
        "nauc_mrr_at_1_diff1": -0.32797930770213346,
        "nauc_mrr_at_1_max": 0.2913207306169364,
        "nauc_mrr_at_1_std": 0.39538893856175766,
        "nauc_mrr_at_20_diff1": -0.25845396139768206,
        "nauc_mrr_at_20_max": 0.40340348076443955,
        "nauc_mrr_at_20_std": 0.474075815636158,
        "nauc_mrr_at_3_diff1": -0.26939499113585846,
        "nauc_mrr_at_3_max": 0.4309096356962727,
        "nauc_mrr_at_3_std": 0.4834327948263382,
        "nauc_mrr_at_5_diff1": -0.25896289626032026,
        "nauc_mrr_at_5_max": 0.41467964822447084,
        "nauc_mrr_at_5_std": 0.4866032774481619,
        "nauc_ndcg_at_1000_diff1": -0.2525184778669561,
        "nauc_ndcg_at_1000_max": 0.4823293385762013,
        "nauc_ndcg_at_1000_std": 0.8423184319481495,
        "nauc_ndcg_at_100_diff1": -0.31544900806100123,
        "nauc_ndcg_at_100_max": 0.46973694549790773,
        "nauc_ndcg_at_100_std": 0.8338461634515197,
        "nauc_ndcg_at_10_diff1": -0.40518826960616044,
        "nauc_ndcg_at_10_max": 0.4227109410893886,
        "nauc_ndcg_at_10_std": 0.6155578814174938,
        "nauc_ndcg_at_1_diff1": -0.3211404460160163,
        "nauc_ndcg_at_1_max": 0.23762758702660944,
        "nauc_ndcg_at_1_std": 0.3626963020191067,
        "nauc_ndcg_at_20_diff1": -0.35919382249784904,
        "nauc_ndcg_at_20_max": 0.4250626447187256,
        "nauc_ndcg_at_20_std": 0.6881883789591358,
        "nauc_ndcg_at_3_diff1": -0.4441338176589082,
        "nauc_ndcg_at_3_max": 0.36039165845469506,
        "nauc_ndcg_at_3_std": 0.49972900095229617,
        "nauc_ndcg_at_5_diff1": -0.41133711647112253,
        "nauc_ndcg_at_5_max": 0.3886743433067335,
        "nauc_ndcg_at_5_std": 0.5221450391678376,
        "nauc_precision_at_1000_diff1": -0.10935710515211174,
        "nauc_precision_at_1000_max": 0.4076792045254594,
        "nauc_precision_at_1000_std": 0.7495562305023539,
        "nauc_precision_at_100_diff1": -0.27485260061656086,
        "nauc_precision_at_100_max": 0.47575344164702954,
        "nauc_precision_at_100_std": 0.8489497595513831,
        "nauc_precision_at_10_diff1": -0.4042292465279952,
        "nauc_precision_at_10_max": 0.45800996040972825,
        "nauc_precision_at_10_std": 0.6680976245836743,
        "nauc_precision_at_1_diff1": -0.32797930770213346,
        "nauc_precision_at_1_max": 0.2913207306169364,
        "nauc_precision_at_1_std": 0.39538893856175766,
        "nauc_precision_at_20_diff1": -0.31035671068032705,
        "nauc_precision_at_20_max": 0.40968551391411306,
        "nauc_precision_at_20_std": 0.7115794810652796,
        "nauc_precision_at_3_diff1": -0.4711697230150141,
        "nauc_precision_at_3_max": 0.3638093363514094,
        "nauc_precision_at_3_std": 0.5589454231320191,
        "nauc_precision_at_5_diff1": -0.4104399810447271,
        "nauc_precision_at_5_max": 0.4606787445776984,
        "nauc_precision_at_5_std": 0.60498669485656,
        "nauc_recall_at_1000_diff1": -0.17169568778326733,
        "nauc_recall_at_1000_max": 0.4587550747584658,
        "nauc_recall_at_1000_std": 0.8106301144878915,
        "nauc_recall_at_100_diff1": -0.31273184527813325,
        "nauc_recall_at_100_max": 0.4710007654308296,
        "nauc_recall_at_100_std": 0.7181699040671876,
        "nauc_recall_at_10_diff1": -0.33073209639247814,
        "nauc_recall_at_10_max": 0.2532651598012905,
        "nauc_recall_at_10_std": 0.3009095231351665,
        "nauc_recall_at_1_diff1": -0.26386812359360856,
        "nauc_recall_at_1_max": 0.14146399371746213,
        "nauc_recall_at_1_std": 0.1103247053295333,
        "nauc_recall_at_20_diff1": -0.270752053653428,
        "nauc_recall_at_20_max": 0.21296102360932548,
        "nauc_recall_at_20_std": 0.3523687281324693,
        "nauc_recall_at_3_diff1": -0.3733179752298978,
        "nauc_recall_at_3_max": 0.16037397389215657,
        "nauc_recall_at_3_std": 0.20742959581494705,
        "nauc_recall_at_5_diff1": -0.34238685369907523,
        "nauc_recall_at_5_max": 0.231882438009028,
        "nauc_recall_at_5_std": 0.2346638821819016,
        "ndcg_at_1": 0.59,
        "ndcg_at_10": 0.50809,
        "ndcg_at_100": 0.3766,
        "ndcg_at_1000": 0.35907,
        "ndcg_at_20": 0.48052,
        "ndcg_at_3": 0.54112,
        "ndcg_at_5": 0.51192,
        "precision_at_1": 0.64,
        "precision_at_10": 0.554,
        "precision_at_100": 0.3848,
        "precision_at_1000": 0.16012,
        "precision_at_20": 0.513,
        "precision_at_3": 0.58,
        "precision_at_5": 0.548,
        "recall_at_1": 0.00176,
        "recall_at_10": 0.01435,
        "recall_at_100": 0.09122,
        "recall_at_1000": 0.34378,
        "recall_at_20": 0.02677,
        "recall_at_3": 0.00474,
        "recall_at_5": 0.00736
      }
    ]
  },
  "task_name": "TRECCOVID"
}