{
  "dataset_revision": "ae763399273d8b20506b80cf6f6f9a31a6a2b238",
  "evaluation_time": 7.172502756118774,
  "kg_co2_emissions": null,
  "mteb_version": "1.15.7",
  "scores": {
    "test": [
      {
        "hf_subset": "default",
        "languages": [
          "eng-Latn"
        ],
        "main_score": 0.65558,
        "map_at_1": 0.48145,
        "map_at_10": 0.60081,
        "map_at_100": 0.6055,
        "map_at_1000": 0.60577,
        "map_at_20": 0.60378,
        "map_at_3": 0.57658,
        "map_at_5": 0.59196,
        "mrr_at_1": 0.4814453125,
        "mrr_at_10": 0.6008165147569442,
        "mrr_at_100": 0.6055041226420189,
        "mrr_at_1000": 0.6057760785069642,
        "mrr_at_20": 0.6037852047375414,
        "mrr_at_3": 0.5765787760416666,
        "mrr_at_5": 0.5919596354166672,
        "nauc_map_at_1000_diff1": 0.48038299784494815,
        "nauc_map_at_1000_max": 0.3574952467429096,
        "nauc_map_at_1000_std": 0.047295415221702414,
        "nauc_map_at_100_diff1": 0.48001493816423435,
        "nauc_map_at_100_max": 0.3577510702953205,
        "nauc_map_at_100_std": 0.047430977238628366,
        "nauc_map_at_10_diff1": 0.47957425698369005,
        "nauc_map_at_10_max": 0.3560176195834448,
        "nauc_map_at_10_std": 0.04303129399889624,
        "nauc_map_at_1_diff1": 0.5517061004977379,
        "nauc_map_at_1_max": 0.34592499710189967,
        "nauc_map_at_1_std": 0.0710732318124386,
        "nauc_map_at_20_diff1": 0.47908979097079973,
        "nauc_map_at_20_max": 0.3582176097746165,
        "nauc_map_at_20_std": 0.04636747025158488,
        "nauc_map_at_3_diff1": 0.48938592874169806,
        "nauc_map_at_3_max": 0.34855427689506524,
        "nauc_map_at_3_std": 0.03760630772196298,
        "nauc_map_at_5_diff1": 0.4807552011977955,
        "nauc_map_at_5_max": 0.3516185925110567,
        "nauc_map_at_5_std": 0.040248332723217733,
        "nauc_mrr_at_1000_diff1": 0.48039834683841404,
        "nauc_mrr_at_1000_max": 0.3579194729346923,
        "nauc_mrr_at_1000_std": 0.04873326835719751,
        "nauc_mrr_at_100_diff1": 0.4800302501469125,
        "nauc_mrr_at_100_max": 0.3581748852944324,
        "nauc_mrr_at_100_std": 0.04886747565534737,
        "nauc_mrr_at_10_diff1": 0.4795877321941161,
        "nauc_mrr_at_10_max": 0.35643529838711835,
        "nauc_mrr_at_10_std": 0.04444975357940505,
        "nauc_mrr_at_1_diff1": 0.5517061004977379,
        "nauc_mrr_at_1_max": 0.34636132230630523,
        "nauc_mrr_at_1_std": 0.07366755214542842,
        "nauc_mrr_at_20_diff1": 0.4791033749410249,
        "nauc_mrr_at_20_max": 0.35863900554251554,
        "nauc_mrr_at_20_std": 0.04779846977794306,
        "nauc_mrr_at_3_diff1": 0.48938592874169806,
        "nauc_mrr_at_3_max": 0.34895211443179225,
        "nauc_mrr_at_3_std": 0.038833023590348875,
        "nauc_mrr_at_5_diff1": 0.4807552011977955,
        "nauc_mrr_at_5_max": 0.3520600441294713,
        "nauc_mrr_at_5_std": 0.041595077141154256,
        "nauc_ndcg_at_1000_diff1": 0.46098717186610355,
        "nauc_ndcg_at_1000_max": 0.3651207921357977,
        "nauc_ndcg_at_1000_std": 0.051840360803106326,
        "nauc_ndcg_at_100_diff1": 0.4489681696987058,
        "nauc_ndcg_at_100_max": 0.3727784839965893,
        "nauc_ndcg_at_100_std": 0.05832450077989444,
        "nauc_ndcg_at_10_diff1": 0.44547013872499736,
        "nauc_ndcg_at_10_max": 0.36911709933891135,
        "nauc_ndcg_at_10_std": 0.037681844494744356,
        "nauc_ndcg_at_1_diff1": 0.5517061004977379,
        "nauc_ndcg_at_1_max": 0.34592499710189967,
        "nauc_ndcg_at_1_std": 0.0710732318124386,
        "nauc_ndcg_at_20_diff1": 0.44224129498110587,
        "nauc_ndcg_at_20_max": 0.3777606843633159,
        "nauc_ndcg_at_20_std": 0.05100692896288902,
        "nauc_ndcg_at_3_diff1": 0.468641725167347,
        "nauc_ndcg_at_3_max": 0.3503365108504704,
        "nauc_ndcg_at_3_std": 0.025296270262121088,
        "nauc_ndcg_at_5_diff1": 0.45042761851914764,
        "nauc_ndcg_at_5_max": 0.3563816104272568,
        "nauc_ndcg_at_5_std": 0.03003645120402393,
        "nauc_precision_at_1000_diff1": 0.25166821926012856,
        "nauc_precision_at_1000_max": 0.2429169940029495,
        "nauc_precision_at_1000_std": 0.44553760812134474,
        "nauc_precision_at_100_diff1": 0.08398647848429384,
        "nauc_precision_at_100_max": 0.5691167849171033,
        "nauc_precision_at_100_std": 0.3054764654036283,
        "nauc_precision_at_10_diff1": 0.26180083158122464,
        "nauc_precision_at_10_max": 0.4486628258063205,
        "nauc_precision_at_10_std": 0.018229110079162225,
        "nauc_precision_at_1_diff1": 0.5517061004977379,
        "nauc_precision_at_1_max": 0.34592499710189967,
        "nauc_precision_at_1_std": 0.0710732318124386,
        "nauc_precision_at_20_diff1": 0.18602321660026996,
        "nauc_precision_at_20_max": 0.534293057776919,
        "nauc_precision_at_20_std": 0.11539144252398306,
        "nauc_precision_at_3_diff1": 0.39791272042733555,
        "nauc_precision_at_3_max": 0.35677807213545726,
        "nauc_precision_at_3_std": -0.017146485812596906,
        "nauc_precision_at_5_diff1": 0.3249211775628228,
        "nauc_precision_at_5_max": 0.377223379299022,
        "nauc_precision_at_5_std": -0.009912426220254431,
        "nauc_recall_at_1000_diff1": 0.2516682192601521,
        "nauc_recall_at_1000_max": 0.24291699400296837,
        "nauc_recall_at_1000_std": 0.44553760812136717,
        "nauc_recall_at_100_diff1": 0.08398647848429554,
        "nauc_recall_at_100_max": 0.5691167849171024,
        "nauc_recall_at_100_std": 0.305476465403625,
        "nauc_recall_at_10_diff1": 0.26180083158122597,
        "nauc_recall_at_10_max": 0.44866282580632183,
        "nauc_recall_at_10_std": 0.018229110079163016,
        "nauc_recall_at_1_diff1": 0.5517061004977379,
        "nauc_recall_at_1_max": 0.34592499710189967,
        "nauc_recall_at_1_std": 0.0710732318124386,
        "nauc_recall_at_20_diff1": 0.18602321660027363,
        "nauc_recall_at_20_max": 0.5342930577769207,
        "nauc_recall_at_20_std": 0.11539144252398562,
        "nauc_recall_at_3_diff1": 0.3979127204273355,
        "nauc_recall_at_3_max": 0.35677807213545726,
        "nauc_recall_at_3_std": -0.01714648581259754,
        "nauc_recall_at_5_diff1": 0.32492117756282407,
        "nauc_recall_at_5_max": 0.37722337929902305,
        "nauc_recall_at_5_std": -0.009912426220251992,
        "ndcg_at_1": 0.48145,
        "ndcg_at_10": 0.65558,
        "ndcg_at_100": 0.67844,
        "ndcg_at_1000": 0.68586,
        "ndcg_at_20": 0.6661,
        "ndcg_at_3": 0.60688,
        "ndcg_at_5": 0.6343,
        "precision_at_1": 0.48145,
        "precision_at_10": 0.08257,
        "precision_at_100": 0.00933,
        "precision_at_1000": 0.00099,
        "precision_at_20": 0.04333,
        "precision_at_3": 0.23145,
        "precision_at_5": 0.15205,
        "recall_at_1": 0.48145,
        "recall_at_10": 0.82568,
        "recall_at_100": 0.93311,
        "recall_at_1000": 0.9917,
        "recall_at_20": 0.8667,
        "recall_at_3": 0.69434,
        "recall_at_5": 0.76025
      }
    ]
  },
  "task_name": "MedicalQARetrieval"
}