{
  "dataset_revision": "main",
  "evaluation_time": 0.6167867183685303,
  "kg_co2_emissions": null,
  "mteb_version": "1.15.7",
  "scores": {
    "test": [
      {
        "hf_subset": "english",
        "languages": [
          "eng-Latn"
        ],
        "main_score": 0.76177,
        "map_at_1": 0.59884,
        "map_at_10": 0.71067,
        "map_at_100": 0.71398,
        "map_at_1000": 0.71412,
        "map_at_20": 0.71282,
        "map_at_3": 0.68798,
        "map_at_5": 0.70601,
        "mrr_at_1": 0.5988372093023255,
        "mrr_at_10": 0.7106658361018825,
        "mrr_at_100": 0.7139809525581573,
        "mrr_at_1000": 0.714123036048755,
        "mrr_at_20": 0.7128234410937898,
        "mrr_at_3": 0.6879844961240309,
        "mrr_at_5": 0.7060077519379845,
        "nauc_map_at_1000_diff1": 0.7633330723661294,
        "nauc_map_at_1000_max": 0.39601375334086397,
        "nauc_map_at_1000_std": -0.11926517815349551,
        "nauc_map_at_100_diff1": 0.7632536532730773,
        "nauc_map_at_100_max": 0.39611794491703695,
        "nauc_map_at_100_std": -0.11878473529255212,
        "nauc_map_at_10_diff1": 0.7641972714115187,
        "nauc_map_at_10_max": 0.39720489744273335,
        "nauc_map_at_10_std": -0.1149236708235565,
        "nauc_map_at_1_diff1": 0.7742869739916317,
        "nauc_map_at_1_max": 0.4047189096823849,
        "nauc_map_at_1_std": -0.12699825363625056,
        "nauc_map_at_20_diff1": 0.7633371673627952,
        "nauc_map_at_20_max": 0.3962074881443979,
        "nauc_map_at_20_std": -0.11700541159783999,
        "nauc_map_at_3_diff1": 0.7616166341404793,
        "nauc_map_at_3_max": 0.40362498170019573,
        "nauc_map_at_3_std": -0.140600696269765,
        "nauc_map_at_5_diff1": 0.7630351793583469,
        "nauc_map_at_5_max": 0.39652965422242603,
        "nauc_map_at_5_std": -0.12243266535758962,
        "nauc_mrr_at_1000_diff1": 0.7633328670342514,
        "nauc_mrr_at_1000_max": 0.3960139584259995,
        "nauc_mrr_at_1000_std": -0.11926479810403015,
        "nauc_mrr_at_100_diff1": 0.7632536532730773,
        "nauc_mrr_at_100_max": 0.39611794491703695,
        "nauc_mrr_at_100_std": -0.11878473529255212,
        "nauc_mrr_at_10_diff1": 0.7641972714115187,
        "nauc_mrr_at_10_max": 0.39720489744273335,
        "nauc_mrr_at_10_std": -0.1149236708235565,
        "nauc_mrr_at_1_diff1": 0.7742869739916317,
        "nauc_mrr_at_1_max": 0.4047189096823849,
        "nauc_mrr_at_1_std": -0.12699825363625056,
        "nauc_mrr_at_20_diff1": 0.7633371673627952,
        "nauc_mrr_at_20_max": 0.3962074881443979,
        "nauc_mrr_at_20_std": -0.11700541159783999,
        "nauc_mrr_at_3_diff1": 0.7616166341404793,
        "nauc_mrr_at_3_max": 0.40362498170019573,
        "nauc_mrr_at_3_std": -0.140600696269765,
        "nauc_mrr_at_5_diff1": 0.7630351793583469,
        "nauc_mrr_at_5_max": 0.39652965422242603,
        "nauc_mrr_at_5_std": -0.12243266535758962,
        "nauc_ndcg_at_1000_diff1": 0.7609537531282788,
        "nauc_ndcg_at_1000_max": 0.39452006269127277,
        "nauc_ndcg_at_1000_std": -0.10962488145574359,
        "nauc_ndcg_at_100_diff1": 0.759406964672624,
        "nauc_ndcg_at_100_max": 0.3973086721707912,
        "nauc_ndcg_at_100_std": -0.09869152087556408,
        "nauc_ndcg_at_10_diff1": 0.762828349074114,
        "nauc_ndcg_at_10_max": 0.398042050069527,
        "nauc_ndcg_at_10_std": -0.0818690457626444,
        "nauc_ndcg_at_1_diff1": 0.7742869739916317,
        "nauc_ndcg_at_1_max": 0.4047189096823849,
        "nauc_ndcg_at_1_std": -0.12699825363625056,
        "nauc_ndcg_at_20_diff1": 0.7590898193126696,
        "nauc_ndcg_at_20_max": 0.3935365316405969,
        "nauc_ndcg_at_20_std": -0.08991402915664988,
        "nauc_ndcg_at_3_diff1": 0.7561044845565231,
        "nauc_ndcg_at_3_max": 0.4077201441321536,
        "nauc_ndcg_at_3_std": -0.140735794977186,
        "nauc_ndcg_at_5_diff1": 0.7580564035603219,
        "nauc_ndcg_at_5_max": 0.3939965049117265,
        "nauc_ndcg_at_5_std": -0.10237441707533673,
        "nauc_precision_at_1000_diff1": 1.0,
        "nauc_precision_at_1000_max": 1.0,
        "nauc_precision_at_1000_std": 1.0,
        "nauc_precision_at_100_diff1": 0.6499991322663774,
        "nauc_precision_at_100_max": 0.6097237607806957,
        "nauc_precision_at_100_std": 0.707478804827296,
        "nauc_precision_at_10_diff1": 0.7610571787641501,
        "nauc_precision_at_10_max": 0.41479941199176157,
        "nauc_precision_at_10_std": 0.23786929782702715,
        "nauc_precision_at_1_diff1": 0.7742869739916317,
        "nauc_precision_at_1_max": 0.4047189096823849,
        "nauc_precision_at_1_std": -0.12699825363625056,
        "nauc_precision_at_20_diff1": 0.70685681929315,
        "nauc_precision_at_20_max": 0.35785602156065777,
        "nauc_precision_at_20_std": 0.2975882748578325,
        "nauc_precision_at_3_diff1": 0.7330953926480215,
        "nauc_precision_at_3_max": 0.426649785264794,
        "nauc_precision_at_3_std": -0.13897787745817827,
        "nauc_precision_at_5_diff1": 0.7275136537279033,
        "nauc_precision_at_5_max": 0.3778615327793455,
        "nauc_precision_at_5_std": 0.03718589827209104,
        "nauc_recall_at_1000_diff1": NaN,
        "nauc_recall_at_1000_max": NaN,
        "nauc_recall_at_1000_std": NaN,
        "nauc_recall_at_100_diff1": 0.6499991322663635,
        "nauc_recall_at_100_max": 0.6097237607807005,
        "nauc_recall_at_100_std": 0.7074788048272983,
        "nauc_recall_at_10_diff1": 0.761057178764152,
        "nauc_recall_at_10_max": 0.41479941199176296,
        "nauc_recall_at_10_std": 0.23786929782702726,
        "nauc_recall_at_1_diff1": 0.7742869739916317,
        "nauc_recall_at_1_max": 0.4047189096823849,
        "nauc_recall_at_1_std": -0.12699825363625056,
        "nauc_recall_at_20_diff1": 0.7068568192931518,
        "nauc_recall_at_20_max": 0.35785602156065927,
        "nauc_recall_at_20_std": 0.2975882748578326,
        "nauc_recall_at_3_diff1": 0.7330953926480218,
        "nauc_recall_at_3_max": 0.4266497852647934,
        "nauc_recall_at_3_std": -0.13897787745817825,
        "nauc_recall_at_5_diff1": 0.7275136537279026,
        "nauc_recall_at_5_max": 0.37786153277934426,
        "nauc_recall_at_5_std": 0.037185898272093065,
        "ndcg_at_1": 0.59884,
        "ndcg_at_10": 0.76177,
        "ndcg_at_100": 0.77628,
        "ndcg_at_1000": 0.77879,
        "ndcg_at_20": 0.76931,
        "ndcg_at_3": 0.71871,
        "ndcg_at_5": 0.7505,
        "precision_at_1": 0.59884,
        "precision_at_10": 0.09186,
        "precision_at_100": 0.00983,
        "precision_at_1000": 0.001,
        "precision_at_20": 0.04738,
        "precision_at_3": 0.26938,
        "precision_at_5": 0.17674,
        "recall_at_1": 0.59884,
        "recall_at_10": 0.9186,
        "recall_at_100": 0.98256,
        "recall_at_1000": 1.0,
        "recall_at_20": 0.94767,
        "recall_at_3": 0.80814,
        "recall_at_5": 0.88372
      }
    ]
  },
  "task_name": "PublicHealthQA"
}