{
  "dataset_revision": "bb9466bac8153a0349341eb1b22e06409e78ef4e",
  "evaluation_time": 285.8970968723297,
  "kg_co2_emissions": null,
  "mteb_version": "1.15.7",
  "scores": {
    "test": [
      {
        "hf_subset": "default",
        "languages": [
          "eng-Latn"
        ],
        "main_score": 0.66459,
        "map_at_1": 0.0021,
        "map_at_10": 0.01591,
        "map_at_100": 0.08699,
        "map_at_1000": 0.2154,
        "map_at_20": 0.02832,
        "map_at_3": 0.00567,
        "map_at_5": 0.00879,
        "mrr_at_1": 0.82,
        "mrr_at_10": 0.8778888888888889,
        "mrr_at_100": 0.8778888888888889,
        "mrr_at_1000": 0.8778888888888889,
        "mrr_at_20": 0.8778888888888889,
        "mrr_at_3": 0.8633333333333333,
        "mrr_at_5": 0.8723333333333333,
        "nauc_map_at_1000_diff1": -0.2144938620281633,
        "nauc_map_at_1000_max": 0.5823481445819357,
        "nauc_map_at_1000_std": 0.8102871113658382,
        "nauc_map_at_100_diff1": -0.2784109629651152,
        "nauc_map_at_100_max": 0.5682556566596668,
        "nauc_map_at_100_std": 0.629588217196299,
        "nauc_map_at_10_diff1": -0.09355835311275396,
        "nauc_map_at_10_max": 0.4066132897744512,
        "nauc_map_at_10_std": 0.20446333005067702,
        "nauc_map_at_1_diff1": -0.016760676326357186,
        "nauc_map_at_1_max": 0.2430599380798872,
        "nauc_map_at_1_std": 0.07370234265457574,
        "nauc_map_at_20_diff1": -0.11553613472272255,
        "nauc_map_at_20_max": 0.39509983184673797,
        "nauc_map_at_20_std": 0.251202771707413,
        "nauc_map_at_3_diff1": -0.09070515834242482,
        "nauc_map_at_3_max": 0.2897842143170453,
        "nauc_map_at_3_std": 0.12716964406003342,
        "nauc_map_at_5_diff1": -0.06894226143133253,
        "nauc_map_at_5_max": 0.3928571647806222,
        "nauc_map_at_5_std": 0.16714496137268578,
        "nauc_mrr_at_1000_diff1": -0.4480029471797326,
        "nauc_mrr_at_1000_max": 0.6992433374404974,
        "nauc_mrr_at_1000_std": 0.654753218243649,
        "nauc_mrr_at_100_diff1": -0.4480029471797326,
        "nauc_mrr_at_100_max": 0.6992433374404974,
        "nauc_mrr_at_100_std": 0.654753218243649,
        "nauc_mrr_at_10_diff1": -0.4480029471797326,
        "nauc_mrr_at_10_max": 0.6992433374404974,
        "nauc_mrr_at_10_std": 0.654753218243649,
        "nauc_mrr_at_1_diff1": -0.3469545104086347,
        "nauc_mrr_at_1_max": 0.6806917061350367,
        "nauc_mrr_at_1_std": 0.6533759224584206,
        "nauc_mrr_at_20_diff1": -0.4480029471797326,
        "nauc_mrr_at_20_max": 0.6992433374404974,
        "nauc_mrr_at_20_std": 0.654753218243649,
        "nauc_mrr_at_3_diff1": -0.49010477299185146,
        "nauc_mrr_at_3_max": 0.6968948231213322,
        "nauc_mrr_at_3_std": 0.6534651113064557,
        "nauc_mrr_at_5_diff1": -0.4621906513636719,
        "nauc_mrr_at_5_max": 0.7129387514572967,
        "nauc_mrr_at_5_std": 0.6478763651391737,
        "nauc_ndcg_at_1000_diff1": -0.12189769817697027,
        "nauc_ndcg_at_1000_max": 0.5528006164472303,
        "nauc_ndcg_at_1000_std": 0.7387749696880893,
        "nauc_ndcg_at_100_diff1": -0.2811675608111559,
        "nauc_ndcg_at_100_max": 0.5025370983976061,
        "nauc_ndcg_at_100_std": 0.7890811882788167,
        "nauc_ndcg_at_10_diff1": -0.3590402297588784,
        "nauc_ndcg_at_10_max": 0.5070710704267499,
        "nauc_ndcg_at_10_std": 0.6091245487952021,
        "nauc_ndcg_at_1_diff1": -0.20518742227749157,
        "nauc_ndcg_at_1_max": 0.43795029707269856,
        "nauc_ndcg_at_1_std": 0.5272892362961649,
        "nauc_ndcg_at_20_diff1": -0.34722076065985313,
        "nauc_ndcg_at_20_max": 0.4779627976986009,
        "nauc_ndcg_at_20_std": 0.666932912673043,
        "nauc_ndcg_at_3_diff1": -0.41569351374136165,
        "nauc_ndcg_at_3_max": 0.48571561845211914,
        "nauc_ndcg_at_3_std": 0.579380623745519,
        "nauc_ndcg_at_5_diff1": -0.39065884721711197,
        "nauc_ndcg_at_5_max": 0.511332954960108,
        "nauc_ndcg_at_5_std": 0.6048886162702918,
        "nauc_precision_at_1000_diff1": -0.13152174484965945,
        "nauc_precision_at_1000_max": 0.3701706096819783,
        "nauc_precision_at_1000_std": 0.6371242549425551,
        "nauc_precision_at_100_diff1": -0.2801570772849259,
        "nauc_precision_at_100_max": 0.5082128832385281,
        "nauc_precision_at_100_std": 0.7854102556132335,
        "nauc_precision_at_10_diff1": -0.38764419354522567,
        "nauc_precision_at_10_max": 0.5443336959611111,
        "nauc_precision_at_10_std": 0.5842815559671878,
        "nauc_precision_at_1_diff1": -0.3469545104086347,
        "nauc_precision_at_1_max": 0.6806917061350367,
        "nauc_precision_at_1_std": 0.6533759224584206,
        "nauc_precision_at_20_diff1": -0.32347854068621756,
        "nauc_precision_at_20_max": 0.48688843302093004,
        "nauc_precision_at_20_std": 0.6353673089041741,
        "nauc_precision_at_3_diff1": -0.5658440306614232,
        "nauc_precision_at_3_max": 0.5423277589926404,
        "nauc_precision_at_3_std": 0.5382732293945753,
        "nauc_precision_at_5_diff1": -0.44683263262317524,
        "nauc_precision_at_5_max": 0.6065851008550234,
        "nauc_precision_at_5_std": 0.5672256601634462,
        "nauc_recall_at_1000_diff1": -0.023782063660113296,
        "nauc_recall_at_1000_max": 0.5084077838181048,
        "nauc_recall_at_1000_std": 0.6100909446268191,
        "nauc_recall_at_100_diff1": -0.14598382551247763,
        "nauc_recall_at_100_max": 0.46243180909758086,
        "nauc_recall_at_100_std": 0.4364465401979685,
        "nauc_recall_at_10_diff1": -0.03227629942784596,
        "nauc_recall_at_10_max": 0.327091281855229,
        "nauc_recall_at_10_std": 0.10816662990134407,
        "nauc_recall_at_1_diff1": -0.016760676326357186,
        "nauc_recall_at_1_max": 0.2430599380798872,
        "nauc_recall_at_1_std": 0.07370234265457574,
        "nauc_recall_at_20_diff1": -0.03952943501147076,
        "nauc_recall_at_20_max": 0.2604767472459978,
        "nauc_recall_at_20_std": 0.10496535997111173,
        "nauc_recall_at_3_diff1": -0.10268609883955623,
        "nauc_recall_at_3_max": 0.261675830560622,
        "nauc_recall_at_3_std": 0.08437538228628927,
        "nauc_recall_at_5_diff1": -0.033834810590235215,
        "nauc_recall_at_5_max": 0.3497168693763749,
        "nauc_recall_at_5_std": 0.10389300394877808,
        "ndcg_at_1": 0.72,
        "ndcg_at_10": 0.66459,
        "ndcg_at_100": 0.50755,
        "ndcg_at_1000": 0.4627,
        "ndcg_at_20": 0.63981,
        "ndcg_at_3": 0.70765,
        "ndcg_at_5": 0.69268,
        "precision_at_1": 0.82,
        "precision_at_10": 0.706,
        "precision_at_100": 0.5188,
        "precision_at_1000": 0.205,
        "precision_at_20": 0.678,
        "precision_at_3": 0.75333,
        "precision_at_5": 0.74,
        "recall_at_1": 0.0021,
        "recall_at_10": 0.01839,
        "recall_at_100": 0.12333,
        "recall_at_1000": 0.43536,
        "recall_at_20": 0.03486,
        "recall_at_3": 0.00594,
        "recall_at_5": 0.00962
      }
    ]
  },
  "task_name": "TRECCOVID"
}