{
  "dataset_revision": "c22ab2a51041ffd869aaddef7af8d8215647e41a",
  "evaluation_time": 14.616350173950195,
  "kg_co2_emissions": null,
  "mteb_version": "1.15.4",
  "scores": {
    "test": [
      {
        "hf_subset": "default",
        "languages": [
          "eng-Latn"
        ],
        "main_score": 0.46865,
        "map_at_1": 0.24182,
        "map_at_10": 0.3853,
        "map_at_100": 0.39575,
        "map_at_1000": 0.39593,
        "map_at_20": 0.3927,
        "map_at_3": 0.33796,
        "map_at_5": 0.36406,
        "mrr_at_1": 0.24679943100995733,
        "mrr_at_10": 0.38718361218361197,
        "mrr_at_100": 0.397563996747173,
        "mrr_at_1000": 0.3977497964531315,
        "mrr_at_20": 0.3945140974033345,
        "mrr_at_3": 0.33997155049786554,
        "mrr_at_5": 0.366145092460881,
        "nauc_map_at_1000_diff1": 0.08335826515679004,
        "nauc_map_at_1000_max": -0.03753620235389961,
        "nauc_map_at_1000_std": -0.0076566968047250125,
        "nauc_map_at_100_diff1": 0.08342278871136749,
        "nauc_map_at_100_max": -0.037193933699833814,
        "nauc_map_at_100_std": -0.007240745628297182,
        "nauc_map_at_10_diff1": 0.08017880247718247,
        "nauc_map_at_10_max": -0.03844408887389827,
        "nauc_map_at_10_std": -0.008698071482456752,
        "nauc_map_at_1_diff1": 0.11971542061718497,
        "nauc_map_at_1_max": -0.06526136864703072,
        "nauc_map_at_1_std": -0.0523932109347756,
        "nauc_map_at_20_diff1": 0.08287260674910403,
        "nauc_map_at_20_max": -0.03629665139733682,
        "nauc_map_at_20_std": -0.007584793853768393,
        "nauc_map_at_3_diff1": 0.07891935400581095,
        "nauc_map_at_3_max": -0.05141241472919342,
        "nauc_map_at_3_std": -0.02804153544276359,
        "nauc_map_at_5_diff1": 0.08022458958867754,
        "nauc_map_at_5_max": -0.04519122331450734,
        "nauc_map_at_5_std": -0.013940815353685807,
        "nauc_mrr_at_1000_diff1": 0.06785899259438433,
        "nauc_mrr_at_1000_max": -0.043320640605881394,
        "nauc_mrr_at_1000_std": -0.009096763538243867,
        "nauc_mrr_at_100_diff1": 0.0679326433862568,
        "nauc_mrr_at_100_max": -0.04297623624386689,
        "nauc_mrr_at_100_std": -0.008681600333988198,
        "nauc_mrr_at_10_diff1": 0.06517221026371392,
        "nauc_mrr_at_10_max": -0.04413077339030009,
        "nauc_mrr_at_10_std": -0.010317532337945209,
        "nauc_mrr_at_1_diff1": 0.1028725903079804,
        "nauc_mrr_at_1_max": -0.06448427472886914,
        "nauc_mrr_at_1_std": -0.05278839919061661,
        "nauc_mrr_at_20_diff1": 0.0675318100436987,
        "nauc_mrr_at_20_max": -0.042026795925659256,
        "nauc_mrr_at_20_std": -0.00901165563523107,
        "nauc_mrr_at_3_diff1": 0.06426569028356897,
        "nauc_mrr_at_3_max": -0.05603456113980849,
        "nauc_mrr_at_3_std": -0.028394204393819678,
        "nauc_mrr_at_5_diff1": 0.065098627687234,
        "nauc_mrr_at_5_max": -0.05030955090286999,
        "nauc_mrr_at_5_std": -0.015314387233262377,
        "nauc_ndcg_at_1000_diff1": 0.08102942884123447,
        "nauc_ndcg_at_1000_max": -0.024368505530037315,
        "nauc_ndcg_at_1000_std": 0.014955501176338561,
        "nauc_ndcg_at_100_diff1": 0.08235934676691058,
        "nauc_ndcg_at_100_max": -0.015207056991952524,
        "nauc_ndcg_at_100_std": 0.029207797554348686,
        "nauc_ndcg_at_10_diff1": 0.06972510480541688,
        "nauc_ndcg_at_10_max": -0.016421226797660136,
        "nauc_ndcg_at_10_std": 0.02296391678046937,
        "nauc_ndcg_at_1_diff1": 0.11971542061718497,
        "nauc_ndcg_at_1_max": -0.06526136864703072,
        "nauc_ndcg_at_1_std": -0.0523932109347756,
        "nauc_ndcg_at_20_diff1": 0.08015317955344932,
        "nauc_ndcg_at_20_max": -0.005898219417864549,
        "nauc_ndcg_at_20_std": 0.030121270499541428,
        "nauc_ndcg_at_3_diff1": 0.06910160127715806,
        "nauc_ndcg_at_3_max": -0.045168369724194524,
        "nauc_ndcg_at_3_std": -0.018172480148472732,
        "nauc_ndcg_at_5_diff1": 0.07069126293591195,
        "nauc_ndcg_at_5_max": -0.033830624039842896,
        "nauc_ndcg_at_5_std": 0.00772255655408009,
        "nauc_precision_at_1000_diff1": 0.11622962841456423,
        "nauc_precision_at_1000_max": 0.14043575764269076,
        "nauc_precision_at_1000_std": 0.8242151953955631,
        "nauc_precision_at_100_diff1": 0.1301004804650842,
        "nauc_precision_at_100_max": 0.3607466582607787,
        "nauc_precision_at_100_std": 0.7345764065973058,
        "nauc_precision_at_10_diff1": 0.029225897486101916,
        "nauc_precision_at_10_max": 0.08171199961267668,
        "nauc_precision_at_10_std": 0.16206015850925448,
        "nauc_precision_at_1_diff1": 0.11971542061718497,
        "nauc_precision_at_1_max": -0.06526136864703072,
        "nauc_precision_at_1_std": -0.0523932109347756,
        "nauc_precision_at_20_diff1": 0.08383644508673802,
        "nauc_precision_at_20_max": 0.21429834024792074,
        "nauc_precision_at_20_std": 0.29339177488191726,
        "nauc_precision_at_3_diff1": 0.04302380336580476,
        "nauc_precision_at_3_max": -0.027520752062377574,
        "nauc_precision_at_3_std": 0.009504300040807519,
        "nauc_precision_at_5_diff1": 0.043464590710995836,
        "nauc_precision_at_5_max": 0.001769291577253238,
        "nauc_precision_at_5_std": 0.07600787534675585,
        "nauc_recall_at_1000_diff1": 0.11622962841451781,
        "nauc_recall_at_1000_max": 0.14043575764266442,
        "nauc_recall_at_1000_std": 0.8242151953955581,
        "nauc_recall_at_100_diff1": 0.130100480465083,
        "nauc_recall_at_100_max": 0.36074665826077257,
        "nauc_recall_at_100_std": 0.7345764065973039,
        "nauc_recall_at_10_diff1": 0.029225897486101764,
        "nauc_recall_at_10_max": 0.08171199961267651,
        "nauc_recall_at_10_std": 0.16206015850925454,
        "nauc_recall_at_1_diff1": 0.11971542061718497,
        "nauc_recall_at_1_max": -0.06526136864703072,
        "nauc_recall_at_1_std": -0.0523932109347756,
        "nauc_recall_at_20_diff1": 0.08383644508674032,
        "nauc_recall_at_20_max": 0.21429834024792133,
        "nauc_recall_at_20_std": 0.2933917748819182,
        "nauc_recall_at_3_diff1": 0.043023803365805136,
        "nauc_recall_at_3_max": -0.027520752062377394,
        "nauc_recall_at_3_std": 0.009504300040807335,
        "nauc_recall_at_5_diff1": 0.04346459071099602,
        "nauc_recall_at_5_max": 0.0017692915772536929,
        "nauc_recall_at_5_std": 0.07600787534675628,
        "ndcg_at_1": 0.24182,
        "ndcg_at_10": 0.46865,
        "ndcg_at_100": 0.51611,
        "ndcg_at_1000": 0.52137,
        "ndcg_at_20": 0.49562,
        "ndcg_at_3": 0.37036,
        "ndcg_at_5": 0.41716,
        "precision_at_1": 0.24182,
        "precision_at_10": 0.07368,
        "precision_at_100": 0.00951,
        "precision_at_1000": 0.00099,
        "precision_at_20": 0.04218,
        "precision_at_3": 0.15481,
        "precision_at_5": 0.1155,
        "recall_at_1": 0.24182,
        "recall_at_10": 0.73684,
        "recall_at_100": 0.95092,
        "recall_at_1000": 0.99289,
        "recall_at_20": 0.84353,
        "recall_at_3": 0.46444,
        "recall_at_5": 0.57752
      }
    ]
  },
  "task_name": "ArguAna"
}