{
  "dataset_revision": "ae763399273d8b20506b80cf6f6f9a31a6a2b238",
  "evaluation_time": 6.239031553268433,
  "kg_co2_emissions": null,
  "mteb_version": "1.15.4",
  "scores": {
    "test": [
      {
        "hf_subset": "default",
        "languages": [
          "eng-Latn"
        ],
        "main_score": 0.6553,
        "map_at_1": 0.48877,
        "map_at_10": 0.60116,
        "map_at_100": 0.60621,
        "map_at_1000": 0.60652,
        "map_at_20": 0.60462,
        "map_at_3": 0.57552,
        "map_at_5": 0.59188,
        "mrr_at_1": 0.48876953125,
        "mrr_at_10": 0.6011610243055557,
        "mrr_at_100": 0.6062149975000767,
        "mrr_at_1000": 0.6065224155015008,
        "mrr_at_20": 0.6046423670572577,
        "mrr_at_3": 0.5755208333333334,
        "mrr_at_5": 0.5918782552083338,
        "nauc_map_at_1000_diff1": 0.41775412006204177,
        "nauc_map_at_1000_max": 0.36351706910268305,
        "nauc_map_at_1000_std": -0.036723523368122894,
        "nauc_map_at_100_diff1": 0.4174093154638548,
        "nauc_map_at_100_max": 0.3637803309821154,
        "nauc_map_at_100_std": -0.03665237470207968,
        "nauc_map_at_10_diff1": 0.41632188105552825,
        "nauc_map_at_10_max": 0.36538603624801747,
        "nauc_map_at_10_std": -0.03956620285521741,
        "nauc_map_at_1_diff1": 0.47950077073279607,
        "nauc_map_at_1_max": 0.35664525095598343,
        "nauc_map_at_1_std": -0.017929515048471494,
        "nauc_map_at_20_diff1": 0.41616408390163073,
        "nauc_map_at_20_max": 0.3639533971104826,
        "nauc_map_at_20_std": -0.03824607662307969,
        "nauc_map_at_3_diff1": 0.42744637064785335,
        "nauc_map_at_3_max": 0.34607438045222194,
        "nauc_map_at_3_std": -0.04113696713387003,
        "nauc_map_at_5_diff1": 0.4186061767783247,
        "nauc_map_at_5_max": 0.35696869810244947,
        "nauc_map_at_5_std": -0.0419808536228424,
        "nauc_mrr_at_1000_diff1": 0.4177580149402225,
        "nauc_mrr_at_1000_max": 0.364570069496838,
        "nauc_mrr_at_1000_std": -0.035166950219871256,
        "nauc_mrr_at_100_diff1": 0.41741320545049326,
        "nauc_mrr_at_100_max": 0.3648321950972218,
        "nauc_mrr_at_100_std": -0.03509748046510152,
        "nauc_mrr_at_10_diff1": 0.41632188105552825,
        "nauc_mrr_at_10_max": 0.3664139599643596,
        "nauc_mrr_at_10_std": -0.03803661896969351,
        "nauc_mrr_at_1_diff1": 0.47950077073279607,
        "nauc_mrr_at_1_max": 0.3582713518761705,
        "nauc_mrr_at_1_std": -0.015328560296046618,
        "nauc_mrr_at_20_diff1": 0.416240775410102,
        "nauc_mrr_at_20_max": 0.36516219737296074,
        "nauc_mrr_at_20_std": -0.03665682129404495,
        "nauc_mrr_at_3_diff1": 0.42744637064785335,
        "nauc_mrr_at_3_max": 0.3472150960839379,
        "nauc_mrr_at_3_std": -0.039310010186527265,
        "nauc_mrr_at_5_diff1": 0.4186061767783247,
        "nauc_mrr_at_5_max": 0.35812960798516463,
        "nauc_mrr_at_5_std": -0.040408330237675885,
        "nauc_ndcg_at_1000_diff1": 0.40038926812338244,
        "nauc_ndcg_at_1000_max": 0.3714628958037332,
        "nauc_ndcg_at_1000_std": -0.034697390448453956,
        "nauc_ndcg_at_100_diff1": 0.3890192843902144,
        "nauc_ndcg_at_100_max": 0.37958416115476024,
        "nauc_ndcg_at_100_std": -0.030029717390862812,
        "nauc_ndcg_at_10_diff1": 0.3820779207308183,
        "nauc_ndcg_at_10_max": 0.38734853467067365,
        "nauc_ndcg_at_10_std": -0.04648537700333313,
        "nauc_ndcg_at_1_diff1": 0.47950077073279607,
        "nauc_ndcg_at_1_max": 0.35664525095598343,
        "nauc_ndcg_at_1_std": -0.017929515048471494,
        "nauc_ndcg_at_20_diff1": 0.38000657517102576,
        "nauc_ndcg_at_20_max": 0.3823984054376166,
        "nauc_ndcg_at_20_std": -0.04172201161104547,
        "nauc_ndcg_at_3_diff1": 0.40837388857308954,
        "nauc_ndcg_at_3_max": 0.3426137059317547,
        "nauc_ndcg_at_3_std": -0.050193135520662124,
        "nauc_ndcg_at_5_diff1": 0.3900056352482027,
        "nauc_ndcg_at_5_max": 0.3636600263563556,
        "nauc_ndcg_at_5_std": -0.052523343178103074,
        "nauc_precision_at_1000_diff1": 0.35185479406109677,
        "nauc_precision_at_1000_max": 0.08871680439650975,
        "nauc_precision_at_1000_std": 0.6174881685219321,
        "nauc_precision_at_100_diff1": 0.0693200971436414,
        "nauc_precision_at_100_max": 0.5854109233455476,
        "nauc_precision_at_100_std": 0.1521257859927643,
        "nauc_precision_at_10_diff1": 0.19420605095053406,
        "nauc_precision_at_10_max": 0.5246603159331599,
        "nauc_precision_at_10_std": -0.07886415464941245,
        "nauc_precision_at_1_diff1": 0.47950077073279607,
        "nauc_precision_at_1_max": 0.35664525095598343,
        "nauc_precision_at_1_std": -0.017929515048471494,
        "nauc_precision_at_20_diff1": 0.11631944968737203,
        "nauc_precision_at_20_max": 0.5299917325004322,
        "nauc_precision_at_20_std": -0.05279369952173467,
        "nauc_precision_at_3_diff1": 0.3435040907647938,
        "nauc_precision_at_3_max": 0.3309903389462768,
        "nauc_precision_at_3_std": -0.08119254216650378,
        "nauc_precision_at_5_diff1": 0.27168867579091455,
        "nauc_precision_at_5_max": 0.39507072986378167,
        "nauc_precision_at_5_std": -0.09557192235137972,
        "nauc_recall_at_1000_diff1": 0.3518547940611581,
        "nauc_recall_at_1000_max": 0.08871680439657431,
        "nauc_recall_at_1000_std": 0.6174881685219696,
        "nauc_recall_at_100_diff1": 0.06932009714364394,
        "nauc_recall_at_100_max": 0.5854109233455463,
        "nauc_recall_at_100_std": 0.1521257859927664,
        "nauc_recall_at_10_diff1": 0.19420605095053575,
        "nauc_recall_at_10_max": 0.5246603159331616,
        "nauc_recall_at_10_std": -0.07886415464941036,
        "nauc_recall_at_1_diff1": 0.47950077073279607,
        "nauc_recall_at_1_max": 0.35664525095598343,
        "nauc_recall_at_1_std": -0.017929515048471494,
        "nauc_recall_at_20_diff1": 0.11631944968737477,
        "nauc_recall_at_20_max": 0.5299917325004356,
        "nauc_recall_at_20_std": -0.05279369952173082,
        "nauc_recall_at_3_diff1": 0.3435040907647933,
        "nauc_recall_at_3_max": 0.3309903389462758,
        "nauc_recall_at_3_std": -0.08119254216650468,
        "nauc_recall_at_5_diff1": 0.2716886757909156,
        "nauc_recall_at_5_max": 0.3950707298637825,
        "nauc_recall_at_5_std": -0.09557192235137776,
        "ndcg_at_1": 0.48877,
        "ndcg_at_10": 0.6553,
        "ndcg_at_100": 0.67872,
        "ndcg_at_1000": 0.68687,
        "ndcg_at_20": 0.66741,
        "ndcg_at_3": 0.60343,
        "ndcg_at_5": 0.63285,
        "precision_at_1": 0.48877,
        "precision_at_10": 0.08247,
        "precision_at_100": 0.00932,
        "precision_at_1000": 0.001,
        "precision_at_20": 0.04358,
        "precision_at_3": 0.22803,
        "precision_at_5": 0.15107,
        "recall_at_1": 0.48877,
        "recall_at_10": 0.82471,
        "recall_at_100": 0.93213,
        "recall_at_1000": 0.99609,
        "recall_at_20": 0.87158,
        "recall_at_3": 0.68408,
        "recall_at_5": 0.75537
      }
    ]
  },
  "task_name": "MedicalQARetrieval"
}