{
  "dataset_revision": "ec0fa4fe99da2ff19ca1214b7966684033a58814",
  "evaluation_time": 9.042276620864868,
  "kg_co2_emissions": null,
  "mteb_version": "1.15.4",
  "scores": {
    "test": [
      {
        "hf_subset": "default",
        "languages": [
          "eng-Latn"
        ],
        "main_score": 0.31806,
        "map_at_1": 0.05127,
        "map_at_10": 0.11395,
        "map_at_100": 0.14253,
        "map_at_1000": 0.15601,
        "map_at_20": 0.1257,
        "map_at_3": 0.08327,
        "map_at_5": 0.09637,
        "mrr_at_1": 0.4148606811145511,
        "mrr_at_10": 0.5021106688289348,
        "mrr_at_100": 0.5089092841181658,
        "mrr_at_1000": 0.5093448726046691,
        "mrr_at_20": 0.5062164542291112,
        "mrr_at_3": 0.4824561403508773,
        "mrr_at_5": 0.4954592363261093,
        "nauc_map_at_1000_diff1": 0.2947613528346276,
        "nauc_map_at_1000_max": 0.3620216228251649,
        "nauc_map_at_1000_std": 0.20436176560118322,
        "nauc_map_at_100_diff1": 0.3073442645467097,
        "nauc_map_at_100_max": 0.3567540608389246,
        "nauc_map_at_100_std": 0.16013034609539067,
        "nauc_map_at_10_diff1": 0.3436721790310158,
        "nauc_map_at_10_max": 0.3188774061899516,
        "nauc_map_at_10_std": 0.03714907667986333,
        "nauc_map_at_1_diff1": 0.5519036582976253,
        "nauc_map_at_1_max": 0.25133062512906446,
        "nauc_map_at_1_std": -0.09185336672122744,
        "nauc_map_at_20_diff1": 0.3255161718823949,
        "nauc_map_at_20_max": 0.3367552263655389,
        "nauc_map_at_20_std": 0.08686137439361336,
        "nauc_map_at_3_diff1": 0.4447608788812703,
        "nauc_map_at_3_max": 0.2675135843362556,
        "nauc_map_at_3_std": -0.058896784351306124,
        "nauc_map_at_5_diff1": 0.39218172140612545,
        "nauc_map_at_5_max": 0.2900592088915726,
        "nauc_map_at_5_std": -0.027427385728751565,
        "nauc_mrr_at_1000_diff1": 0.3284297308628072,
        "nauc_mrr_at_1000_max": 0.46455836370534814,
        "nauc_mrr_at_1000_std": 0.30972721824217575,
        "nauc_mrr_at_100_diff1": 0.3285958900871065,
        "nauc_mrr_at_100_max": 0.4650519229108245,
        "nauc_mrr_at_100_std": 0.31020166835967966,
        "nauc_mrr_at_10_diff1": 0.32743407191304236,
        "nauc_mrr_at_10_max": 0.45983268404379785,
        "nauc_mrr_at_10_std": 0.30621664918297026,
        "nauc_mrr_at_1_diff1": 0.34822419292413015,
        "nauc_mrr_at_1_max": 0.4035820954431092,
        "nauc_mrr_at_1_std": 0.22399685953047452,
        "nauc_mrr_at_20_diff1": 0.3288799941176667,
        "nauc_mrr_at_20_max": 0.46628360767287336,
        "nauc_mrr_at_20_std": 0.31107474810695596,
        "nauc_mrr_at_3_diff1": 0.32252531725137873,
        "nauc_mrr_at_3_max": 0.4541646427252485,
        "nauc_mrr_at_3_std": 0.29929908292239893,
        "nauc_mrr_at_5_diff1": 0.330719605676438,
        "nauc_mrr_at_5_max": 0.4566546329443373,
        "nauc_mrr_at_5_std": 0.30324011853501703,
        "nauc_ndcg_at_1000_diff1": 0.2678812645998199,
        "nauc_ndcg_at_1000_max": 0.4990185789217567,
        "nauc_ndcg_at_1000_std": 0.3847431652910821,
        "nauc_ndcg_at_100_diff1": 0.25984541339913525,
        "nauc_ndcg_at_100_max": 0.4489649354976483,
        "nauc_ndcg_at_100_std": 0.33673950363432614,
        "nauc_ndcg_at_10_diff1": 0.2173436015284761,
        "nauc_ndcg_at_10_max": 0.41964076032645214,
        "nauc_ndcg_at_10_std": 0.3426197236852781,
        "nauc_ndcg_at_1_diff1": 0.34326674955749126,
        "nauc_ndcg_at_1_max": 0.3910512650339156,
        "nauc_ndcg_at_1_std": 0.21073940780896852,
        "nauc_ndcg_at_20_diff1": 0.23107092731981307,
        "nauc_ndcg_at_20_max": 0.4199803428021894,
        "nauc_ndcg_at_20_std": 0.3415687824335329,
        "nauc_ndcg_at_3_diff1": 0.2458786459923585,
        "nauc_ndcg_at_3_max": 0.404842304084959,
        "nauc_ndcg_at_3_std": 0.29318734204934344,
        "nauc_ndcg_at_5_diff1": 0.22347873129252574,
        "nauc_ndcg_at_5_max": 0.4171275399916591,
        "nauc_ndcg_at_5_std": 0.3135080923524179,
        "nauc_precision_at_1000_diff1": -0.09568765263561141,
        "nauc_precision_at_1000_max": 0.06133665348270369,
        "nauc_precision_at_1000_std": 0.47147464223358554,
        "nauc_precision_at_100_diff1": -0.05367003519260068,
        "nauc_precision_at_100_max": 0.20568015460822972,
        "nauc_precision_at_100_std": 0.5809319851332249,
        "nauc_precision_at_10_diff1": 0.008411865842397516,
        "nauc_precision_at_10_max": 0.3758134604520456,
        "nauc_precision_at_10_std": 0.49002209160607446,
        "nauc_precision_at_1_diff1": 0.34822419292413015,
        "nauc_precision_at_1_max": 0.4035820954431092,
        "nauc_precision_at_1_std": 0.22399685953047452,
        "nauc_precision_at_20_diff1": -0.01189931695837787,
        "nauc_precision_at_20_max": 0.33430051581776143,
        "nauc_precision_at_20_std": 0.5501106195337002,
        "nauc_precision_at_3_diff1": 0.13440828924239062,
        "nauc_precision_at_3_max": 0.40783579694415956,
        "nauc_precision_at_3_std": 0.3720381394317107,
        "nauc_precision_at_5_diff1": 0.05656943391718435,
        "nauc_precision_at_5_max": 0.40210787751915106,
        "nauc_precision_at_5_std": 0.42017530144929,
        "nauc_recall_at_1000_diff1": 0.10995637877255757,
        "nauc_recall_at_1000_max": 0.27552882456581934,
        "nauc_recall_at_1000_std": 0.24596926143585437,
        "nauc_recall_at_100_diff1": 0.16535495905092173,
        "nauc_recall_at_100_max": 0.3223103421389727,
        "nauc_recall_at_100_std": 0.2260665946003686,
        "nauc_recall_at_10_diff1": 0.2572023956201643,
        "nauc_recall_at_10_max": 0.27945379874007686,
        "nauc_recall_at_10_std": 0.036073411870220964,
        "nauc_recall_at_1_diff1": 0.5519036582976253,
        "nauc_recall_at_1_max": 0.25133062512906446,
        "nauc_recall_at_1_std": -0.09185336672122744,
        "nauc_recall_at_20_diff1": 0.2558296403869501,
        "nauc_recall_at_20_max": 0.3119613894279109,
        "nauc_recall_at_20_std": 0.09690357593200251,
        "nauc_recall_at_3_diff1": 0.41186583876602534,
        "nauc_recall_at_3_max": 0.25100987644095435,
        "nauc_recall_at_3_std": -0.050542452166240044,
        "nauc_recall_at_5_diff1": 0.34449050184149854,
        "nauc_recall_at_5_max": 0.26795318385045197,
        "nauc_recall_at_5_std": -0.02830206405590128,
        "ndcg_at_1": 0.40093,
        "ndcg_at_10": 0.31806,
        "ndcg_at_100": 0.28949,
        "ndcg_at_1000": 0.37655,
        "ndcg_at_20": 0.29433,
        "ndcg_at_3": 0.36692,
        "ndcg_at_5": 0.34348,
        "precision_at_1": 0.41486,
        "precision_at_10": 0.23777,
        "precision_at_100": 0.07458,
        "precision_at_1000": 0.02018,
        "precision_at_20": 0.17229,
        "precision_at_3": 0.34572,
        "precision_at_5": 0.29536,
        "recall_at_1": 0.05127,
        "recall_at_10": 0.15427,
        "recall_at_100": 0.29206,
        "recall_at_1000": 0.60716,
        "recall_at_20": 0.18877,
        "recall_at_3": 0.09262,
        "recall_at_5": 0.11678
      }
    ]
  },
  "task_name": "NFCorpus"
}