{
  "dataset_revision": "main",
  "evaluation_time": 0.6054072380065918,
  "kg_co2_emissions": null,
  "mteb_version": "1.15.4",
  "scores": {
    "test": [
      {
        "hf_subset": "english",
        "languages": [
          "eng-Latn"
        ],
        "main_score": 0.82002,
        "map_at_1": 0.6686,
        "map_at_10": 0.77295,
        "map_at_100": 0.77451,
        "map_at_1000": 0.77451,
        "map_at_20": 0.77416,
        "map_at_3": 0.75097,
        "map_at_5": 0.76667,
        "mrr_at_1": 0.6686046511627907,
        "mrr_at_10": 0.7729466592838684,
        "mrr_at_100": 0.7745047023390046,
        "mrr_at_1000": 0.7745047023390046,
        "mrr_at_20": 0.7741615700191281,
        "mrr_at_3": 0.7509689922480619,
        "mrr_at_5": 0.7666666666666667,
        "nauc_map_at_1000_diff1": 0.7343297410357247,
        "nauc_map_at_1000_max": 0.4572489944401059,
        "nauc_map_at_1000_std": -0.0019665917421569706,
        "nauc_map_at_100_diff1": 0.7343297410357247,
        "nauc_map_at_100_max": 0.4572489944401059,
        "nauc_map_at_100_std": -0.0019665917421569706,
        "nauc_map_at_10_diff1": 0.7342500348822039,
        "nauc_map_at_10_max": 0.4575818514703581,
        "nauc_map_at_10_std": -0.0066650860640187,
        "nauc_map_at_1_diff1": 0.77036371270492,
        "nauc_map_at_1_max": 0.4637164419967006,
        "nauc_map_at_1_std": -0.013716463435001354,
        "nauc_map_at_20_diff1": 0.7342553032245597,
        "nauc_map_at_20_max": 0.4577807004350325,
        "nauc_map_at_20_std": -0.000625355948726789,
        "nauc_map_at_3_diff1": 0.7211606810501786,
        "nauc_map_at_3_max": 0.4540618085246187,
        "nauc_map_at_3_std": 0.01281772767539408,
        "nauc_map_at_5_diff1": 0.729551675417889,
        "nauc_map_at_5_max": 0.45481117288512685,
        "nauc_map_at_5_std": -0.01575366429883548,
        "nauc_mrr_at_1000_diff1": 0.7343304299256145,
        "nauc_mrr_at_1000_max": 0.4572517615785859,
        "nauc_mrr_at_1000_std": -0.0019614833586013482,
        "nauc_mrr_at_100_diff1": 0.7343304299256145,
        "nauc_mrr_at_100_max": 0.4572517615785859,
        "nauc_mrr_at_100_std": -0.0019614833586013482,
        "nauc_mrr_at_10_diff1": 0.7342500348822039,
        "nauc_mrr_at_10_max": 0.4575818514703581,
        "nauc_mrr_at_10_std": -0.0066650860640187,
        "nauc_mrr_at_1_diff1": 0.77036371270492,
        "nauc_mrr_at_1_max": 0.4637164419967006,
        "nauc_mrr_at_1_std": -0.013716463435001354,
        "nauc_mrr_at_20_diff1": 0.7342553032245597,
        "nauc_mrr_at_20_max": 0.4577807004350325,
        "nauc_mrr_at_20_std": -0.000625355948726789,
        "nauc_mrr_at_3_diff1": 0.7211606810501786,
        "nauc_mrr_at_3_max": 0.4540618085246187,
        "nauc_mrr_at_3_std": 0.01281772767539408,
        "nauc_mrr_at_5_diff1": 0.729551675417889,
        "nauc_mrr_at_5_max": 0.45481117288512685,
        "nauc_mrr_at_5_std": -0.01575366429883548,
        "nauc_ndcg_at_1000_diff1": 0.7311995284088585,
        "nauc_ndcg_at_1000_max": 0.45944516724641077,
        "nauc_ndcg_at_1000_std": 0.0018358870791391959,
        "nauc_ndcg_at_100_diff1": 0.7311995284088585,
        "nauc_ndcg_at_100_max": 0.45944516724641077,
        "nauc_ndcg_at_100_std": 0.0018358870791391959,
        "nauc_ndcg_at_10_diff1": 0.7301986651996543,
        "nauc_ndcg_at_10_max": 0.4631900817767763,
        "nauc_ndcg_at_10_std": -0.010179405487908133,
        "nauc_ndcg_at_1_diff1": 0.77036371270492,
        "nauc_ndcg_at_1_max": 0.4637164419967006,
        "nauc_ndcg_at_1_std": -0.013716463435001354,
        "nauc_ndcg_at_20_diff1": 0.7307607630384535,
        "nauc_ndcg_at_20_max": 0.4658175773783924,
        "nauc_ndcg_at_20_std": 0.01734868727168296,
        "nauc_ndcg_at_3_diff1": 0.7026136444137383,
        "nauc_ndcg_at_3_max": 0.456154145804165,
        "nauc_ndcg_at_3_std": 0.026526472185875595,
        "nauc_ndcg_at_5_diff1": 0.7174813419689201,
        "nauc_ndcg_at_5_max": 0.4571929651625569,
        "nauc_ndcg_at_5_std": -0.03063421962199743,
        "nauc_precision_at_1000_diff1": 1.0,
        "nauc_precision_at_1000_max": 1.0,
        "nauc_precision_at_1000_std": 1.0,
        "nauc_precision_at_100_diff1": NaN,
        "nauc_precision_at_100_max": NaN,
        "nauc_precision_at_100_std": NaN,
        "nauc_precision_at_10_diff1": 0.7071810876431402,
        "nauc_precision_at_10_max": 0.565004734607997,
        "nauc_precision_at_10_std": -0.08541464233491747,
        "nauc_precision_at_1_diff1": 0.77036371270492,
        "nauc_precision_at_1_max": 0.4637164419967006,
        "nauc_precision_at_1_std": -0.013716463435001354,
        "nauc_precision_at_20_diff1": 0.7154855209966159,
        "nauc_precision_at_20_max": 0.7859101773763184,
        "nauc_precision_at_20_std": 0.7859101773763184,
        "nauc_precision_at_3_diff1": 0.6207360734704663,
        "nauc_precision_at_3_max": 0.4683978349648246,
        "nauc_precision_at_3_std": 0.08898954001022669,
        "nauc_precision_at_5_diff1": 0.6381012607387745,
        "nauc_precision_at_5_max": 0.4782580435262158,
        "nauc_precision_at_5_std": -0.1536944292204808,
        "nauc_recall_at_1000_diff1": NaN,
        "nauc_recall_at_1000_max": NaN,
        "nauc_recall_at_1000_std": NaN,
        "nauc_recall_at_100_diff1": NaN,
        "nauc_recall_at_100_max": NaN,
        "nauc_recall_at_100_std": NaN,
        "nauc_recall_at_10_diff1": 0.7071810876431405,
        "nauc_recall_at_10_max": 0.5650047346079978,
        "nauc_recall_at_10_std": -0.08541464233491247,
        "nauc_recall_at_1_diff1": 0.77036371270492,
        "nauc_recall_at_1_max": 0.4637164419967006,
        "nauc_recall_at_1_std": -0.013716463435001354,
        "nauc_recall_at_20_diff1": 0.7154855209966153,
        "nauc_recall_at_20_max": 0.785910177376319,
        "nauc_recall_at_20_std": 0.785910177376319,
        "nauc_recall_at_3_diff1": 0.6207360734704686,
        "nauc_recall_at_3_max": 0.4683978349648246,
        "nauc_recall_at_3_std": 0.08898954001022848,
        "nauc_recall_at_5_diff1": 0.638101260738776,
        "nauc_recall_at_5_max": 0.47825804352621837,
        "nauc_recall_at_5_std": -0.15369442922048127,
        "ndcg_at_1": 0.6686,
        "ndcg_at_10": 0.82002,
        "ndcg_at_100": 0.82748,
        "ndcg_at_1000": 0.82748,
        "ndcg_at_20": 0.82443,
        "ndcg_at_3": 0.77761,
        "ndcg_at_5": 0.8049,
        "precision_at_1": 0.6686,
        "precision_at_10": 0.09651,
        "precision_at_100": 0.01,
        "precision_at_1000": 0.001,
        "precision_at_20": 0.04913,
        "precision_at_3": 0.28488,
        "precision_at_5": 0.18372,
        "recall_at_1": 0.6686,
        "recall_at_10": 0.96512,
        "recall_at_100": 1.0,
        "recall_at_1000": 1.0,
        "recall_at_20": 0.98256,
        "recall_at_3": 0.85465,
        "recall_at_5": 0.9186
      }
    ]
  },
  "task_name": "PublicHealthQA"
}