{
  "dataset_revision": "bb9466bac8153a0349341eb1b22e06409e78ef4e",
  "evaluation_time": 279.2389554977417,
  "kg_co2_emissions": null,
  "mteb_version": "1.15.4",
  "scores": {
    "test": [
      {
        "hf_subset": "default",
        "languages": [
          "eng-Latn"
        ],
        "main_score": 0.52614,
        "map_at_1": 0.0016,
        "map_at_10": 0.01196,
        "map_at_100": 0.06525,
        "map_at_1000": 0.17379,
        "map_at_20": 0.0202,
        "map_at_3": 0.00433,
        "map_at_5": 0.00687,
        "mrr_at_1": 0.64,
        "mrr_at_10": 0.7646666666666667,
        "mrr_at_100": 0.7653333333333333,
        "mrr_at_1000": 0.7653333333333333,
        "mrr_at_20": 0.7646666666666667,
        "mrr_at_3": 0.7366666666666666,
        "mrr_at_5": 0.7546666666666667,
        "nauc_map_at_1000_diff1": -0.14163443839521367,
        "nauc_map_at_1000_max": 0.4268274338750721,
        "nauc_map_at_1000_std": 0.5537626388456824,
        "nauc_map_at_100_diff1": -0.13847028335208478,
        "nauc_map_at_100_max": 0.34714392839836333,
        "nauc_map_at_100_std": 0.42332524656995313,
        "nauc_map_at_10_diff1": 0.025246492381294113,
        "nauc_map_at_10_max": 0.2856188684615178,
        "nauc_map_at_10_std": 0.05692827308162847,
        "nauc_map_at_1_diff1": 0.10618081935508239,
        "nauc_map_at_1_max": 0.2211999069131858,
        "nauc_map_at_1_std": -0.05119674373374002,
        "nauc_map_at_20_diff1": -0.018435334103731337,
        "nauc_map_at_20_max": 0.31767198652997614,
        "nauc_map_at_20_std": 0.18747636113059032,
        "nauc_map_at_3_diff1": 0.019403022319805015,
        "nauc_map_at_3_max": 0.2473734287835512,
        "nauc_map_at_3_std": -0.060734828480618376,
        "nauc_map_at_5_diff1": 0.041713409454237585,
        "nauc_map_at_5_max": 0.25651467051505916,
        "nauc_map_at_5_std": -0.028531984127092097,
        "nauc_mrr_at_1000_diff1": 0.12422167265058151,
        "nauc_mrr_at_1000_max": 0.4752253383213238,
        "nauc_mrr_at_1000_std": 0.08542456501544132,
        "nauc_mrr_at_100_diff1": 0.12422167265058151,
        "nauc_mrr_at_100_max": 0.4752253383213238,
        "nauc_mrr_at_100_std": 0.08542456501544132,
        "nauc_mrr_at_10_diff1": 0.11797668461040367,
        "nauc_mrr_at_10_max": 0.4748328917776809,
        "nauc_mrr_at_10_std": 0.0832507045601698,
        "nauc_mrr_at_1_diff1": 0.1887214203601988,
        "nauc_mrr_at_1_max": 0.41646442712990145,
        "nauc_mrr_at_1_std": 0.08669689615531949,
        "nauc_mrr_at_20_diff1": 0.11797668461040367,
        "nauc_mrr_at_20_max": 0.4748328917776809,
        "nauc_mrr_at_20_std": 0.0832507045601698,
        "nauc_mrr_at_3_diff1": 0.11408588923136423,
        "nauc_mrr_at_3_max": 0.4876501402921949,
        "nauc_mrr_at_3_std": 0.1011278663146694,
        "nauc_mrr_at_5_diff1": 0.15809279025994152,
        "nauc_mrr_at_5_max": 0.4907644564103784,
        "nauc_mrr_at_5_std": 0.08568565199780774,
        "nauc_ndcg_at_1000_diff1": -0.17928652355513017,
        "nauc_ndcg_at_1000_max": 0.3926228090859164,
        "nauc_ndcg_at_1000_std": 0.4887988053429992,
        "nauc_ndcg_at_100_diff1": -0.1026005021231585,
        "nauc_ndcg_at_100_max": 0.44611599229777876,
        "nauc_ndcg_at_100_std": 0.526321827733127,
        "nauc_ndcg_at_10_diff1": -0.03694776533698213,
        "nauc_ndcg_at_10_max": 0.4369342939602948,
        "nauc_ndcg_at_10_std": 0.3094657262820309,
        "nauc_ndcg_at_1_diff1": 0.12084368327014415,
        "nauc_ndcg_at_1_max": 0.35183974666259915,
        "nauc_ndcg_at_1_std": 0.1529756976220565,
        "nauc_ndcg_at_20_diff1": -0.04026095215813448,
        "nauc_ndcg_at_20_max": 0.4532084479117899,
        "nauc_ndcg_at_20_std": 0.40785434605619686,
        "nauc_ndcg_at_3_diff1": 0.020032117669442337,
        "nauc_ndcg_at_3_max": 0.44516032961314744,
        "nauc_ndcg_at_3_std": 0.19928187032458192,
        "nauc_ndcg_at_5_diff1": 0.031676546358119805,
        "nauc_ndcg_at_5_max": 0.42837151456203293,
        "nauc_ndcg_at_5_std": 0.24426485743041393,
        "nauc_precision_at_1000_diff1": -0.06690684754981263,
        "nauc_precision_at_1000_max": 0.43994693897620357,
        "nauc_precision_at_1000_std": 0.5280209374781146,
        "nauc_precision_at_100_diff1": -0.1259578937798204,
        "nauc_precision_at_100_max": 0.45316028780095713,
        "nauc_precision_at_100_std": 0.5861091256580606,
        "nauc_precision_at_10_diff1": -0.0532380944767326,
        "nauc_precision_at_10_max": 0.4850106724012506,
        "nauc_precision_at_10_std": 0.37175131306509845,
        "nauc_precision_at_1_diff1": 0.1887214203601988,
        "nauc_precision_at_1_max": 0.41646442712990145,
        "nauc_precision_at_1_std": 0.08669689615531949,
        "nauc_precision_at_20_diff1": -0.03903941073898686,
        "nauc_precision_at_20_max": 0.49141276283416835,
        "nauc_precision_at_20_std": 0.4894128019213521,
        "nauc_precision_at_3_diff1": -0.006765979478490378,
        "nauc_precision_at_3_max": 0.4983408641626657,
        "nauc_precision_at_3_std": 0.2010143085757317,
        "nauc_precision_at_5_diff1": 0.02333549333750351,
        "nauc_precision_at_5_max": 0.47440395057314566,
        "nauc_precision_at_5_std": 0.26743830953604636,
        "nauc_recall_at_1000_diff1": -0.19653171200504094,
        "nauc_recall_at_1000_max": 0.318890448874654,
        "nauc_recall_at_1000_std": 0.43180068717164233,
        "nauc_recall_at_100_diff1": -0.18303191520770434,
        "nauc_recall_at_100_max": 0.2348752017851049,
        "nauc_recall_at_100_std": 0.2994506066079659,
        "nauc_recall_at_10_diff1": -0.050751834758914816,
        "nauc_recall_at_10_max": 0.20046017999766255,
        "nauc_recall_at_10_std": -0.002828915662703306,
        "nauc_recall_at_1_diff1": 0.10618081935508239,
        "nauc_recall_at_1_max": 0.2211999069131858,
        "nauc_recall_at_1_std": -0.05119674373374002,
        "nauc_recall_at_20_diff1": -0.08728772800946259,
        "nauc_recall_at_20_max": 0.21950632451281982,
        "nauc_recall_at_20_std": 0.1022592510417991,
        "nauc_recall_at_3_diff1": -0.05162634606911999,
        "nauc_recall_at_3_max": 0.18092130209808788,
        "nauc_recall_at_3_std": -0.10949586477749618,
        "nauc_recall_at_5_diff1": -0.0320731720414616,
        "nauc_recall_at_5_max": 0.15784695979387137,
        "nauc_recall_at_5_std": -0.09214939251777331,
        "ndcg_at_1": 0.57,
        "ndcg_at_10": 0.52614,
        "ndcg_at_100": 0.41678,
        "ndcg_at_1000": 0.41565,
        "ndcg_at_20": 0.49822,
        "ndcg_at_3": 0.55765,
        "ndcg_at_5": 0.55553,
        "precision_at_1": 0.64,
        "precision_at_10": 0.568,
        "precision_at_100": 0.4318,
        "precision_at_1000": 0.19016,
        "precision_at_20": 0.535,
        "precision_at_3": 0.6,
        "precision_at_5": 0.604,
        "recall_at_1": 0.0016,
        "recall_at_10": 0.01491,
        "recall_at_100": 0.10239,
        "recall_at_1000": 0.40492,
        "recall_at_20": 0.02685,
        "recall_at_3": 0.00486,
        "recall_at_5": 0.0081
      }
    ]
  },
  "task_name": "TRECCOVID"
}